trace_id,user_id,firm_id,feature,timestamp,confidence_score,latency_ms,outcome,retried,escalated_to_human,source_link_clicked
T000001,U0002,F013,workpaper_draft_assistant,2025-11-25 08:47:41,0.71,547,accepted,False,False,True
T000002,U0002,F013,document_qa_assistant,2025-08-17 05:35:03,0.76,818,edited,False,False,False
T000003,U0002,F013,anomaly_flagging,2025-10-31 12:12:00,0.89,1986,accepted,False,False,True
T000004,U0002,F013,document_qa_assistant,2025-12-31 14:14:56,0.99,1810,accepted,False,False,False
T000005,U0002,F013,workpaper_draft_assistant,2026-01-05 15:37:23,0.89,691,accepted,False,False,False
T000006,U0003,F021,risk_summary_generator,2026-06-29 18:21:33,0.84,545,accepted,False,False,True
T000007,U0003,F021,workpaper_draft_assistant,2026-06-20 00:56:00,0.74,527,accepted,False,False,False
T000008,U0004,F023,anomaly_flagging,2025-09-29 02:52:04,0.99,463,accepted,True,False,False
T000009,U0004,F023,variance_explanation,2025-09-06 23:06:00,0.88,1780,accepted,False,False,True
T000010,U0004,F023,risk_summary_generator,2025-07-08 10:48:38,0.97,413,accepted,False,False,False
T000011,U0004,F023,document_qa_assistant,2025-08-17 09:29:01,0.83,1236,accepted,False,False,False
T000012,U0004,F023,workpaper_draft_assistant,2025-05-18 23:14:34,0.9,412,edited,False,False,True
T000013,U0004,F023,risk_summary_generator,2025-06-13 03:53:54,0.64,455,accepted,False,False,True
T000014,U0004,F023,anomaly_flagging,2025-06-01 17:59:41,0.86,1698,edited,False,False,True
T000015,U0004,F023,document_qa_assistant,2025-06-07 17:52:41,0.92,475,accepted,False,False,False
T000016,U0007,F012,variance_explanation,2025-08-30 13:39:45,0.99,541,accepted,False,False,False
T000017,U0007,F012,workpaper_draft_assistant,2025-06-25 06:32:47,0.97,5096,accepted,False,False,False
T000018,U0007,F012,risk_summary_generator,2025-05-23 04:16:02,0.99,1134,edited,False,False,False
T000019,U0007,F012,anomaly_flagging,2025-10-01 00:10:57,0.91,2497,accepted,False,False,False
T000020,U0007,F012,risk_summary_generator,2025-07-03 22:04:04,0.89,1333,accepted,True,False,False
T000021,U0007,F012,risk_summary_generator,2025-06-23 07:52:31,0.95,945,accepted,False,False,True
T000022,U0008,F022,risk_summary_generator,2025-12-27 03:02:17,0.75,451,edited,False,False,True
T000023,U0008,F022,document_qa_assistant,2026-03-04 07:15:14,0.75,1352,rejected,False,False,True
T000024,U0008,F022,workpaper_draft_assistant,2026-03-07 15:52:35,0.99,767,accepted,False,False,True
T000025,U0008,F022,risk_summary_generator,2025-12-15 07:12:16,0.99,740,accepted,False,False,True
T000026,U0008,F022,anomaly_flagging,2026-02-09 03:44:46,0.91,643,accepted,False,False,True
T000027,U0008,F022,risk_summary_generator,2025-12-23 17:45:41,0.84,609,accepted,False,False,False
T000028,U0008,F022,variance_explanation,2026-01-09 11:36:19,0.75,1112,edited,False,False,True
T000029,U0008,F022,variance_explanation,2026-03-26 12:50:57,0.98,917,accepted,False,False,True
T000030,U0008,F022,risk_summary_generator,2025-12-13 01:13:44,0.73,1338,rejected,False,False,False
T000031,U0008,F022,document_qa_assistant,2026-03-16 12:49:30,0.83,629,accepted,False,False,False
T000032,U0008,F022,risk_summary_generator,2026-02-18 06:46:08,0.83,1296,accepted,True,False,False
T000033,U0009,F021,risk_summary_generator,2026-01-06 04:27:10,0.74,1413,accepted,False,False,False
T000034,U0009,F021,workpaper_draft_assistant,2025-12-11 16:56:37,0.99,5496,accepted,False,False,True
T000035,U0009,F021,workpaper_draft_assistant,2025-11-03 14:02:20,0.68,528,accepted,False,False,True
T000036,U0009,F021,workpaper_draft_assistant,2026-03-10 10:07:24,0.99,1578,edited,False,False,False
T000037,U0009,F021,anomaly_flagging,2025-11-06 20:53:48,0.67,873,rejected,False,False,True
T000038,U0009,F021,document_qa_assistant,2026-01-07 07:12:51,0.79,1395,accepted,False,False,False
T000039,U0011,F021,risk_summary_generator,2026-05-29 16:29:07,0.74,596,accepted,False,False,True
T000040,U0011,F021,anomaly_flagging,2026-05-31 14:39:57,0.99,1002,accepted,False,False,False
T000041,U0011,F021,workpaper_draft_assistant,2026-05-02 02:31:43,0.75,1223,accepted,False,False,True
T000042,U0012,F025,anomaly_flagging,2025-11-22 11:24:08,0.77,974,accepted,True,False,True
T000043,U0012,F025,document_qa_assistant,2025-10-27 17:57:42,0.94,870,edited,False,False,True
T000044,U0012,F025,anomaly_flagging,2025-10-06 22:29:59,0.99,663,accepted,False,False,False
T000045,U0012,F025,risk_summary_generator,2025-08-07 03:49:40,0.85,2391,rejected,False,False,True
T000046,U0012,F025,variance_explanation,2025-07-25 06:57:35,0.97,1287,edited,False,False,False
T000047,U0013,F011,risk_summary_generator,2026-02-25 01:54:40,0.83,616,accepted,False,False,True
T000048,U0013,F011,workpaper_draft_assistant,2026-05-12 02:43:55,0.64,413,accepted,False,False,False
T000049,U0013,F011,anomaly_flagging,2026-06-01 09:49:37,0.99,1842,accepted,False,False,False
T000050,U0013,F011,workpaper_draft_assistant,2026-03-26 04:35:52,0.99,678,accepted,False,False,False
T000051,U0013,F011,document_qa_assistant,2026-06-09 23:11:20,0.99,1377,accepted,False,False,False
T000052,U0013,F011,variance_explanation,2026-06-29 10:12:51,0.89,2353,accepted,False,False,True
T000053,U0013,F011,anomaly_flagging,2026-05-02 10:47:08,0.68,2306,accepted,False,False,False
T000054,U0014,F019,risk_summary_generator,2026-06-24 07:52:09,0.82,1684,accepted,False,False,False
T000055,U0017,F018,document_qa_assistant,2026-03-06 23:51:30,0.72,1332,accepted,False,False,False
T000056,U0017,F018,anomaly_flagging,2026-01-05 13:14:23,0.57,637,accepted,False,False,False
T000057,U0017,F018,document_qa_assistant,2025-12-31 14:34:15,0.82,2690,accepted,False,False,True
T000058,U0017,F018,risk_summary_generator,2026-01-27 21:01:00,0.79,816,accepted,False,False,False
T000059,U0017,F018,risk_summary_generator,2025-12-08 08:45:31,0.98,539,accepted,False,False,True
T000060,U0017,F018,document_qa_assistant,2026-03-11 19:19:44,0.72,3217,accepted,False,False,False
T000061,U0017,F018,document_qa_assistant,2025-12-01 12:54:15,0.84,680,accepted,False,False,False
T000062,U0017,F018,document_qa_assistant,2026-03-20 12:09:03,0.84,657,accepted,False,False,True
T000063,U0017,F018,workpaper_draft_assistant,2026-02-15 15:23:09,0.77,1110,accepted,False,False,True
T000064,U0017,F018,anomaly_flagging,2026-01-19 19:16:50,0.99,2161,accepted,False,False,True
T000065,U0017,F018,document_qa_assistant,2025-11-22 23:31:57,0.72,2585,accepted,False,False,True
T000066,U0017,F018,variance_explanation,2025-11-19 20:56:36,0.94,3010,accepted,True,False,True
T000067,U0017,F018,anomaly_flagging,2026-01-06 22:34:53,0.76,1396,edited,False,False,True
T000068,U0018,F019,document_qa_assistant,2025-12-26 18:01:43,0.8,1903,accepted,False,False,True
T000069,U0018,F019,workpaper_draft_assistant,2025-12-31 21:42:39,0.95,1863,accepted,True,False,True
T000070,U0018,F019,anomaly_flagging,2026-02-18 11:06:59,0.72,1498,edited,False,False,True
T000071,U0018,F019,workpaper_draft_assistant,2025-11-05 06:04:02,0.99,730,accepted,False,False,True
T000072,U0018,F019,document_qa_assistant,2025-10-22 17:16:46,0.99,3285,accepted,True,False,False
T000073,U0020,F002,anomaly_flagging,2025-05-01 21:37:37,0.48,805,accepted,False,True,False
T000074,U0020,F002,risk_summary_generator,2025-08-27 03:58:57,0.71,1252,accepted,True,False,False
T000075,U0020,F002,variance_explanation,2025-07-12 08:18:42,0.76,443,accepted,False,False,True
T000076,U0020,F002,document_qa_assistant,2025-05-23 03:38:26,0.97,683,accepted,False,False,False
T000077,U0020,F002,document_qa_assistant,2025-07-27 19:52:07,0.99,1293,accepted,False,False,True
T000078,U0020,F002,anomaly_flagging,2025-05-02 12:50:19,0.96,849,accepted,False,False,False
T000079,U0020,F002,workpaper_draft_assistant,2025-08-30 04:06:19,0.72,1107,accepted,False,False,False
T000080,U0020,F002,risk_summary_generator,2025-06-05 14:56:21,0.64,564,edited,False,False,True
T000081,U0021,F022,workpaper_draft_assistant,2026-06-07 21:01:45,0.99,596,accepted,False,False,True
T000082,U0021,F022,variance_explanation,2026-04-28 07:03:27,0.77,1341,edited,False,False,True
T000083,U0021,F022,risk_summary_generator,2026-06-15 22:49:27,0.76,442,accepted,False,False,True
T000084,U0021,F022,workpaper_draft_assistant,2026-06-12 12:42:03,0.72,1047,edited,False,False,True
T000085,U0023,F018,variance_explanation,2025-07-15 21:05:58,0.84,2778,accepted,False,False,False
T000086,U0023,F018,risk_summary_generator,2025-10-23 16:34:01,0.78,1500,accepted,False,False,True
T000087,U0023,F018,workpaper_draft_assistant,2025-08-02 00:18:12,0.52,822,accepted,False,False,False
T000088,U0023,F018,risk_summary_generator,2025-08-12 19:02:55,0.84,1541,edited,False,False,False
T000089,U0023,F018,risk_summary_generator,2025-09-20 17:43:29,0.86,502,accepted,False,False,True
T000090,U0023,F018,variance_explanation,2025-07-15 07:54:45,0.84,449,accepted,False,False,True
T000091,U0023,F018,variance_explanation,2025-09-21 00:11:07,0.93,476,accepted,False,False,True
T000092,U0023,F018,anomaly_flagging,2025-09-07 05:00:51,0.62,1609,accepted,False,False,False
T000093,U0028,F021,variance_explanation,2026-01-07 09:51:17,0.85,2153,accepted,False,False,True
T000094,U0028,F021,document_qa_assistant,2026-01-05 10:35:16,0.82,679,accepted,False,False,True
T000095,U0028,F021,variance_explanation,2026-03-24 15:23:06,0.62,1937,accepted,False,False,False
T000096,U0028,F021,workpaper_draft_assistant,2026-03-03 21:44:15,0.75,1981,accepted,False,False,False
T000097,U0028,F021,risk_summary_generator,2026-03-08 21:03:01,0.63,902,accepted,False,False,True
T000098,U0028,F021,risk_summary_generator,2026-04-01 20:10:51,0.84,709,accepted,False,False,True
T000099,U0028,F021,document_qa_assistant,2026-04-13 19:52:23,0.69,3814,accepted,False,False,False
T000100,U0028,F021,anomaly_flagging,2026-01-09 05:02:47,0.54,1603,edited,False,False,False
T000101,U0030,F018,document_qa_assistant,2026-06-25 15:34:15,0.99,2857,accepted,False,False,False
T000102,U0030,F018,document_qa_assistant,2026-05-01 22:23:56,0.83,413,edited,False,False,False
T000103,U0030,F018,document_qa_assistant,2026-06-10 01:56:57,0.8,700,accepted,False,False,True
T000104,U0030,F018,variance_explanation,2026-03-28 16:51:01,0.85,825,accepted,False,False,False
T000105,U0030,F018,workpaper_draft_assistant,2026-04-09 03:04:56,0.77,1207,accepted,False,False,False
T000106,U0030,F018,variance_explanation,2026-06-20 21:38:21,0.99,565,accepted,False,False,False
T000107,U0030,F018,anomaly_flagging,2026-06-19 02:12:57,0.99,1357,accepted,False,False,False
T000108,U0030,F018,risk_summary_generator,2026-04-09 07:27:58,0.79,1333,accepted,False,False,False
T000109,U0030,F018,anomaly_flagging,2026-04-30 08:08:20,0.99,624,accepted,False,False,True
T000110,U0040,F015,anomaly_flagging,2025-07-13 00:00:04,0.84,777,accepted,False,False,False
T000111,U0040,F015,document_qa_assistant,2025-08-28 07:26:17,0.77,2903,accepted,True,False,False
T000112,U0040,F015,document_qa_assistant,2025-10-04 02:01:34,0.77,1973,rejected,False,False,True
T000113,U0040,F015,variance_explanation,2025-08-25 19:54:19,0.99,2747,accepted,False,False,True
T000114,U0040,F015,variance_explanation,2025-07-27 15:44:29,0.92,544,accepted,True,False,True
T000115,U0040,F015,variance_explanation,2025-08-26 06:13:03,0.89,649,accepted,False,False,True
T000116,U0040,F015,risk_summary_generator,2025-10-26 10:33:35,0.99,597,accepted,False,False,False
T000117,U0040,F015,variance_explanation,2025-09-28 10:01:08,0.92,1194,accepted,False,False,True
T000118,U0040,F015,document_qa_assistant,2025-10-10 15:28:03,0.84,1522,accepted,False,False,True
T000119,U0040,F015,document_qa_assistant,2025-10-03 00:24:04,0.75,504,edited,True,False,False
T000120,U0040,F015,anomaly_flagging,2025-10-17 01:33:07,0.89,777,rejected,False,True,False
T000121,U0041,F011,risk_summary_generator,2025-01-31 05:45:50,0.82,518,accepted,False,False,False
T000122,U0041,F011,risk_summary_generator,2025-04-28 19:07:00,0.79,777,accepted,True,False,False
T000123,U0041,F011,risk_summary_generator,2025-04-29 23:52:54,0.91,1112,edited,False,False,False
T000124,U0041,F011,anomaly_flagging,2025-03-05 10:08:02,0.71,1126,edited,False,False,False
T000125,U0041,F011,anomaly_flagging,2025-02-15 23:29:19,0.87,722,accepted,False,False,False
T000126,U0042,F019,anomaly_flagging,2025-11-26 23:59:24,0.99,667,accepted,False,False,True
T000127,U0042,F019,workpaper_draft_assistant,2025-12-15 12:40:25,0.92,2664,accepted,False,False,True
T000128,U0042,F019,risk_summary_generator,2025-07-27 05:47:43,0.7,1458,accepted,False,False,False
T000129,U0042,F019,workpaper_draft_assistant,2025-11-18 11:47:02,0.98,590,edited,False,False,False
T000130,U0042,F019,risk_summary_generator,2025-09-18 03:50:19,0.88,2562,edited,False,False,False
T000131,U0044,F002,workpaper_draft_assistant,2025-12-30 02:15:16,0.77,1375,accepted,False,False,False
T000132,U0044,F002,document_qa_assistant,2026-01-01 16:04:32,0.99,507,accepted,False,False,False
T000133,U0044,F002,risk_summary_generator,2026-01-27 11:41:34,0.8,619,accepted,False,False,True
T000134,U0044,F002,workpaper_draft_assistant,2026-05-09 20:15:37,0.99,1082,accepted,False,False,True
T000135,U0044,F002,variance_explanation,2026-02-25 08:12:36,0.81,980,accepted,False,False,False
T000136,U0044,F002,workpaper_draft_assistant,2026-02-01 03:07:54,0.9,3345,accepted,False,False,False
T000137,U0044,F002,risk_summary_generator,2026-02-04 01:12:36,0.68,932,edited,False,False,True
T000138,U0044,F002,variance_explanation,2026-03-28 20:41:27,0.94,1043,accepted,True,False,True
T000139,U0044,F002,workpaper_draft_assistant,2026-04-28 18:03:54,0.63,841,accepted,False,False,False
T000140,U0044,F002,workpaper_draft_assistant,2026-04-21 12:49:11,0.65,1606,accepted,False,False,False
T000141,U0044,F002,workpaper_draft_assistant,2025-12-31 15:58:44,0.91,1582,accepted,False,False,True
T000142,U0044,F002,variance_explanation,2026-01-03 04:37:51,0.99,2141,accepted,False,False,True
T000143,U0044,F002,document_qa_assistant,2026-02-11 01:52:27,0.99,463,accepted,False,False,True
T000144,U0044,F002,workpaper_draft_assistant,2026-02-26 09:09:09,0.63,514,accepted,False,False,False
T000145,U0044,F002,workpaper_draft_assistant,2026-01-23 10:29:17,0.87,754,accepted,False,False,False
T000146,U0047,F008,variance_explanation,2026-05-24 05:04:16,0.9,448,accepted,False,False,True
T000147,U0047,F008,variance_explanation,2026-05-24 08:34:42,0.84,1902,accepted,False,False,False
T000148,U0047,F008,risk_summary_generator,2026-05-18 12:35:30,0.8,1147,edited,False,False,False
T000149,U0047,F008,workpaper_draft_assistant,2026-05-29 20:04:36,0.9,1519,accepted,False,False,False
T000150,U0047,F008,risk_summary_generator,2026-06-04 01:17:46,0.7,3550,accepted,False,False,True
T000151,U0047,F008,anomaly_flagging,2026-05-23 00:57:34,0.7,758,edited,False,False,False
T000152,U0047,F008,document_qa_assistant,2026-05-22 14:05:41,0.9,1278,accepted,False,False,True
T000153,U0048,F004,anomaly_flagging,2026-02-13 04:12:29,0.79,705,accepted,False,False,False
T000154,U0048,F004,variance_explanation,2026-04-13 12:48:29,0.94,1602,accepted,False,False,True
T000155,U0048,F004,anomaly_flagging,2026-03-09 03:20:57,0.53,2679,accepted,True,False,False
T000156,U0048,F004,variance_explanation,2026-05-26 20:40:55,0.78,445,accepted,False,False,False
T000157,U0048,F004,document_qa_assistant,2026-03-13 02:04:15,0.81,480,accepted,False,False,True
T000158,U0048,F004,anomaly_flagging,2026-01-20 11:26:13,0.99,1056,accepted,False,False,True
T000159,U0048,F004,anomaly_flagging,2026-03-24 04:43:22,0.77,980,accepted,False,False,True
T000160,U0048,F004,variance_explanation,2026-01-28 02:46:51,0.57,470,accepted,False,False,False
T000161,U0048,F004,risk_summary_generator,2026-04-10 08:01:13,0.99,509,accepted,False,False,True
T000162,U0049,F014,anomaly_flagging,2026-02-16 19:10:54,0.62,1161,rejected,False,False,True
T000163,U0049,F014,anomaly_flagging,2026-03-14 14:57:28,0.78,866,edited,False,False,True
T000164,U0049,F014,risk_summary_generator,2026-02-06 04:59:34,0.88,3450,edited,False,False,True
T000165,U0049,F014,variance_explanation,2026-05-06 07:40:25,0.92,701,accepted,False,False,False
T000166,U0049,F014,risk_summary_generator,2025-12-25 08:33:35,0.99,702,accepted,False,False,False
T000167,U0049,F014,document_qa_assistant,2026-01-14 00:46:30,0.66,602,accepted,True,False,True
T000168,U0049,F014,document_qa_assistant,2026-03-24 10:56:15,0.96,698,edited,False,False,True
T000169,U0049,F014,risk_summary_generator,2026-03-24 18:02:07,0.8,508,accepted,False,False,True
T000170,U0049,F014,variance_explanation,2026-02-11 07:29:25,0.7,2595,accepted,False,False,False
T000171,U0049,F014,anomaly_flagging,2026-03-04 01:08:23,0.67,1051,accepted,False,False,True
T000172,U0049,F014,variance_explanation,2026-03-12 09:33:30,0.72,1050,edited,False,False,False
T000173,U0049,F014,workpaper_draft_assistant,2026-03-13 22:37:45,0.85,1084,accepted,False,False,False
T000174,U0049,F014,anomaly_flagging,2025-12-30 03:58:34,0.88,1231,accepted,False,False,False
T000175,U0050,F021,workpaper_draft_assistant,2026-01-18 16:52:32,0.65,583,accepted,False,False,False
T000176,U0050,F021,anomaly_flagging,2025-11-09 05:55:05,0.97,820,edited,False,False,False
T000177,U0050,F021,workpaper_draft_assistant,2025-11-03 04:48:04,0.9,437,edited,False,False,False
T000178,U0050,F021,anomaly_flagging,2025-11-13 03:06:51,0.63,938,rejected,False,True,False
T000179,U0050,F021,anomaly_flagging,2025-09-13 22:24:41,0.77,604,accepted,False,False,True
T000180,U0050,F021,anomaly_flagging,2025-09-07 04:31:33,0.78,4229,accepted,False,False,False
T000181,U0050,F021,anomaly_flagging,2025-10-19 16:09:30,0.61,434,accepted,False,False,False
T000182,U0050,F021,risk_summary_generator,2025-12-04 17:29:01,0.69,1095,accepted,False,False,True
T000183,U0050,F021,workpaper_draft_assistant,2026-01-30 02:53:46,0.98,529,accepted,False,False,True
T000184,U0050,F021,variance_explanation,2025-09-20 16:02:09,0.77,1652,accepted,False,False,True
T000185,U0050,F021,variance_explanation,2026-01-08 04:37:55,0.99,494,accepted,False,False,False
T000186,U0050,F021,workpaper_draft_assistant,2025-09-16 08:28:16,0.81,1291,accepted,True,False,False
T000187,U0052,F018,variance_explanation,2026-02-23 20:08:56,0.8,867,edited,True,False,False
T000188,U0052,F018,variance_explanation,2026-04-20 09:22:23,0.77,1856,accepted,False,False,False
T000189,U0052,F018,document_qa_assistant,2026-04-14 12:43:59,0.96,1615,accepted,False,False,True
T000190,U0052,F018,risk_summary_generator,2026-03-04 08:37:41,0.88,755,accepted,False,False,False
T000191,U0052,F018,risk_summary_generator,2026-05-30 02:35:57,0.78,528,accepted,False,False,True
T000192,U0052,F018,variance_explanation,2026-05-07 22:05:56,0.99,1620,edited,False,False,True
T000193,U0056,F025,variance_explanation,2025-12-22 22:38:35,0.97,472,accepted,False,False,True
T000194,U0056,F025,document_qa_assistant,2025-11-15 21:31:33,0.74,875,accepted,False,False,False
T000195,U0056,F025,variance_explanation,2026-02-15 18:30:08,0.83,1648,accepted,False,False,False
T000196,U0056,F025,document_qa_assistant,2026-01-12 21:12:53,0.99,1050,accepted,False,False,True
T000197,U0056,F025,risk_summary_generator,2025-10-28 02:48:53,0.91,1838,edited,False,False,False
T000198,U0062,F002,anomaly_flagging,2025-04-11 19:12:54,0.79,457,edited,False,False,False
T000199,U0062,F002,workpaper_draft_assistant,2025-07-22 16:03:25,0.7,1028,accepted,False,False,False
T000200,U0062,F002,anomaly_flagging,2025-05-12 11:58:01,0.59,2155,accepted,False,False,True
T000201,U0062,F002,anomaly_flagging,2025-07-05 11:27:43,0.78,718,edited,False,False,True
T000202,U0062,F002,workpaper_draft_assistant,2025-06-23 13:10:32,0.79,3659,accepted,False,False,True
T000203,U0062,F002,workpaper_draft_assistant,2025-06-11 23:47:13,0.74,764,accepted,False,False,False
T000204,U0062,F002,variance_explanation,2025-05-08 20:43:44,0.75,1946,edited,False,False,False
T000205,U0062,F002,variance_explanation,2025-05-12 14:50:27,0.54,448,edited,False,False,False
T000206,U0062,F002,variance_explanation,2025-05-23 12:26:10,0.75,955,accepted,False,False,True
T000207,U0062,F002,document_qa_assistant,2025-04-17 20:58:19,0.86,697,accepted,False,False,True
T000208,U0065,F003,document_qa_assistant,2026-06-26 04:23:52,0.66,424,accepted,False,False,False
T000209,U0066,F003,workpaper_draft_assistant,2026-02-23 15:42:27,0.58,3271,accepted,True,False,True
T000210,U0066,F003,anomaly_flagging,2026-06-26 19:16:17,0.77,1180,edited,False,False,True
T000211,U0066,F003,risk_summary_generator,2026-05-28 20:16:39,0.73,6447,accepted,False,False,True
T000212,U0066,F003,document_qa_assistant,2026-05-12 21:32:06,0.6,1946,accepted,False,False,False
T000213,U0066,F003,document_qa_assistant,2026-03-05 12:55:25,0.89,669,edited,False,False,False
T000214,U0066,F003,workpaper_draft_assistant,2026-06-06 10:31:57,0.42,510,edited,False,False,False
T000215,U0066,F003,variance_explanation,2026-03-08 05:32:36,0.8,1161,edited,False,False,True
T000216,U0068,F020,workpaper_draft_assistant,2025-07-16 06:26:03,0.82,1642,accepted,False,False,False
T000217,U0068,F020,anomaly_flagging,2025-04-19 08:27:23,0.99,868,accepted,False,False,False
T000218,U0068,F020,anomaly_flagging,2025-08-07 21:06:39,0.99,451,accepted,False,False,True
T000219,U0068,F020,risk_summary_generator,2025-07-02 11:35:56,0.82,1231,accepted,False,False,True
T000220,U0068,F020,risk_summary_generator,2025-05-18 15:40:31,0.98,685,accepted,False,False,False
T000221,U0068,F020,anomaly_flagging,2025-04-20 12:38:47,0.86,1250,accepted,False,False,True
T000222,U0070,F007,document_qa_assistant,2026-05-21 10:30:11,0.72,408,edited,False,False,False
T000223,U0070,F007,workpaper_draft_assistant,2026-05-05 08:26:06,0.99,474,accepted,False,False,True
T000224,U0070,F007,workpaper_draft_assistant,2026-04-15 21:47:12,0.83,2191,edited,False,False,False
T000225,U0070,F007,risk_summary_generator,2026-05-27 00:14:33,0.97,1187,accepted,False,False,True
T000226,U0070,F007,variance_explanation,2026-06-19 20:47:43,0.85,818,accepted,False,False,True
T000227,U0070,F007,variance_explanation,2026-05-06 04:22:00,0.77,1183,accepted,False,False,True
T000228,U0070,F007,risk_summary_generator,2026-05-13 10:08:17,0.73,651,accepted,False,False,True
T000229,U0070,F007,document_qa_assistant,2026-04-28 08:05:55,0.93,3459,accepted,False,False,False
T000230,U0070,F007,risk_summary_generator,2026-06-17 16:30:36,0.78,2378,accepted,False,False,False
T000231,U0072,F011,workpaper_draft_assistant,2025-04-10 15:46:43,0.74,3716,accepted,False,False,False
T000232,U0072,F011,variance_explanation,2025-05-19 20:19:20,0.68,1760,accepted,False,False,True
T000233,U0072,F011,workpaper_draft_assistant,2025-04-03 08:57:12,0.98,1241,accepted,False,False,False
T000234,U0072,F011,variance_explanation,2025-05-21 09:39:31,0.96,459,accepted,False,False,True
T000235,U0072,F011,anomaly_flagging,2025-08-06 10:17:20,0.7,2058,accepted,False,False,True
T000236,U0073,F019,variance_explanation,2025-07-18 00:06:59,0.66,520,accepted,False,False,False
T000237,U0073,F019,risk_summary_generator,2025-07-09 01:24:47,0.95,1553,accepted,False,False,True
T000238,U0073,F019,risk_summary_generator,2025-10-21 08:32:44,0.71,620,accepted,False,False,False
T000239,U0073,F019,document_qa_assistant,2025-07-10 10:55:34,0.79,928,edited,False,False,False
T000240,U0073,F019,anomaly_flagging,2025-09-27 22:56:18,0.96,463,accepted,False,False,False
T000241,U0073,F019,document_qa_assistant,2025-06-18 07:58:15,0.83,1753,accepted,False,False,False
T000242,U0075,F003,document_qa_assistant,2026-06-29 06:24:54,0.67,1902,edited,False,False,True
T000243,U0075,F003,document_qa_assistant,2026-06-07 10:35:32,0.98,951,accepted,False,False,False
T000244,U0080,F024,variance_explanation,2026-04-07 04:42:16,0.82,1077,edited,True,False,False
T000245,U0080,F024,variance_explanation,2026-04-20 03:17:09,0.73,913,edited,False,False,True
T000246,U0080,F024,variance_explanation,2026-06-03 02:18:38,0.85,677,edited,False,False,True
T000247,U0080,F024,document_qa_assistant,2026-03-04 05:42:57,0.96,560,edited,False,False,False
T000248,U0080,F024,document_qa_assistant,2026-03-28 05:52:35,0.91,1003,edited,False,False,True
T000249,U0080,F024,variance_explanation,2026-03-17 00:29:47,0.49,501,accepted,True,False,True
T000250,U0080,F024,workpaper_draft_assistant,2026-04-24 17:39:16,0.99,2222,accepted,False,False,True
T000251,U0080,F024,anomaly_flagging,2026-03-17 01:13:47,0.93,741,accepted,False,False,False
T000252,U0080,F024,anomaly_flagging,2026-04-25 04:46:35,0.99,445,edited,False,False,False
T000253,U0081,F020,workpaper_draft_assistant,2025-10-04 15:07:24,0.99,1231,accepted,False,False,False
T000254,U0081,F020,document_qa_assistant,2025-07-05 03:28:44,0.79,422,edited,False,False,True
T000255,U0081,F020,variance_explanation,2025-08-15 11:47:11,0.58,419,accepted,False,False,True
T000256,U0081,F020,workpaper_draft_assistant,2025-09-22 07:22:43,0.67,1952,accepted,False,False,False
T000257,U0081,F020,variance_explanation,2025-09-01 10:36:13,0.83,1097,accepted,False,False,True
T000258,U0081,F020,workpaper_draft_assistant,2025-08-07 17:35:53,0.97,4040,accepted,False,False,False
T000259,U0081,F020,risk_summary_generator,2025-09-02 00:37:36,0.89,615,rejected,False,False,False
T000260,U0081,F020,variance_explanation,2025-06-24 16:27:59,0.99,1975,accepted,False,False,True
T000261,U0081,F020,workpaper_draft_assistant,2025-07-26 16:16:40,0.99,2158,accepted,False,False,False
T000262,U0082,F021,document_qa_assistant,2025-12-29 03:28:22,0.86,2234,accepted,False,False,False
T000263,U0082,F021,anomaly_flagging,2026-02-09 03:03:15,0.57,472,accepted,False,False,False
T000264,U0082,F021,document_qa_assistant,2026-05-02 08:27:45,0.51,1949,accepted,False,False,True
T000265,U0082,F021,variance_explanation,2026-03-04 05:29:01,0.67,2897,accepted,False,False,False
T000266,U0082,F021,risk_summary_generator,2025-12-09 09:45:46,0.85,1119,accepted,False,False,False
T000267,U0082,F021,anomaly_flagging,2026-04-26 18:11:51,0.92,422,accepted,False,False,True
T000268,U0082,F021,workpaper_draft_assistant,2026-04-10 18:43:47,0.63,1049,accepted,False,False,False
T000269,U0082,F021,variance_explanation,2026-01-03 15:29:57,0.9,486,accepted,False,False,False
T000270,U0082,F021,variance_explanation,2026-01-18 18:55:49,0.54,1658,edited,True,False,True
T000271,U0082,F021,workpaper_draft_assistant,2026-01-06 01:25:19,0.75,452,edited,False,False,False
T000272,U0082,F021,risk_summary_generator,2026-04-21 17:44:17,0.75,2051,accepted,False,False,True
T000273,U0082,F021,workpaper_draft_assistant,2025-12-10 10:48:15,0.8,6149,accepted,False,False,False
T000274,U0082,F021,risk_summary_generator,2026-02-15 19:01:22,0.79,787,accepted,False,False,False
T000275,U0082,F021,document_qa_assistant,2026-01-19 05:09:08,0.92,1182,accepted,False,False,False
T000276,U0082,F021,anomaly_flagging,2026-03-13 18:54:36,0.99,1412,accepted,False,False,True
T000277,U0083,F002,variance_explanation,2025-05-17 05:58:47,0.76,1320,accepted,False,False,True
T000278,U0083,F002,risk_summary_generator,2025-07-28 06:31:31,0.93,909,accepted,True,False,False
T000279,U0083,F002,anomaly_flagging,2025-07-01 06:49:58,0.83,563,accepted,False,False,False
T000280,U0083,F002,document_qa_assistant,2025-05-07 02:13:29,0.76,620,accepted,False,False,True
T000281,U0083,F002,workpaper_draft_assistant,2025-09-03 08:13:46,0.82,413,accepted,True,False,True
T000282,U0083,F002,variance_explanation,2025-06-24 15:30:58,0.73,1680,accepted,False,False,False
T000283,U0083,F002,workpaper_draft_assistant,2025-07-25 09:16:30,0.73,1661,accepted,False,False,True
T000284,U0083,F002,document_qa_assistant,2025-05-22 03:44:57,0.73,638,edited,False,False,True
T000285,U0083,F002,risk_summary_generator,2025-05-09 04:36:47,0.96,1012,accepted,False,False,False
T000286,U0084,F009,risk_summary_generator,2025-05-29 22:25:25,0.99,2435,accepted,False,False,True
T000287,U0084,F009,anomaly_flagging,2025-05-18 07:52:49,0.63,1110,accepted,False,False,True
T000288,U0084,F009,anomaly_flagging,2025-05-01 17:18:40,0.9,3022,edited,False,False,False
T000289,U0084,F009,workpaper_draft_assistant,2025-04-02 04:59:13,0.45,466,accepted,False,False,True
T000290,U0085,F005,variance_explanation,2026-06-14 08:45:58,0.75,1093,accepted,False,False,True
T000291,U0085,F005,anomaly_flagging,2026-06-04 22:02:28,0.78,1042,edited,False,False,False
T000292,U0086,F015,document_qa_assistant,2026-05-07 16:58:09,0.92,1842,accepted,False,False,True
T000293,U0086,F015,document_qa_assistant,2026-06-26 06:57:12,0.89,1928,accepted,False,False,False
T000294,U0086,F015,workpaper_draft_assistant,2026-02-05 07:07:48,0.77,1296,accepted,False,False,True
T000295,U0086,F015,workpaper_draft_assistant,2026-04-23 11:57:30,0.97,2876,accepted,False,False,True
T000296,U0086,F015,variance_explanation,2026-02-06 22:05:31,0.71,2939,accepted,False,False,False
T000297,U0087,F004,anomaly_flagging,2025-05-19 09:58:56,0.77,490,accepted,False,False,False
T000298,U0087,F004,document_qa_assistant,2025-07-14 22:07:12,0.56,1350,accepted,False,False,False
T000299,U0087,F004,document_qa_assistant,2025-08-02 03:46:56,0.8,442,accepted,True,False,False
T000300,U0087,F004,variance_explanation,2025-04-24 06:26:27,0.85,2562,edited,False,False,True
T000301,U0087,F004,workpaper_draft_assistant,2025-04-15 02:02:26,0.72,1378,accepted,False,False,True
T000302,U0087,F004,workpaper_draft_assistant,2025-08-02 10:06:09,0.7,643,edited,False,False,False
T000303,U0087,F004,workpaper_draft_assistant,2025-03-20 12:06:43,0.91,4418,edited,False,False,True
T000304,U0090,F002,workpaper_draft_assistant,2026-04-14 18:47:57,0.71,884,accepted,False,False,True
T000305,U0090,F002,anomaly_flagging,2026-01-26 02:21:53,0.88,1570,accepted,False,False,True
T000306,U0090,F002,variance_explanation,2026-03-20 03:03:25,0.69,651,accepted,True,False,False
T000307,U0090,F002,anomaly_flagging,2026-05-20 14:54:01,0.79,1509,accepted,False,False,False
T000308,U0090,F002,document_qa_assistant,2026-01-11 11:19:44,0.99,802,accepted,False,False,True
T000309,U0090,F002,variance_explanation,2026-06-05 03:08:04,0.73,803,accepted,False,False,True
T000310,U0090,F002,document_qa_assistant,2026-02-03 06:38:40,0.85,5421,accepted,False,False,False
T000311,U0097,F016,variance_explanation,2025-10-08 16:45:38,0.99,539,accepted,False,False,True
T000312,U0097,F016,document_qa_assistant,2025-08-22 04:49:57,0.75,418,accepted,False,False,True
T000313,U0097,F016,variance_explanation,2025-09-14 05:06:45,0.96,600,accepted,False,False,False
T000314,U0097,F016,anomaly_flagging,2025-09-12 07:15:12,0.45,894,accepted,True,False,True
T000315,U0097,F016,risk_summary_generator,2025-11-07 12:55:50,0.66,790,accepted,False,False,False
T000316,U0097,F016,variance_explanation,2025-10-28 22:58:29,0.76,1290,accepted,False,False,False
T000317,U0097,F016,anomaly_flagging,2025-12-01 14:02:31,0.99,1608,accepted,False,False,False
T000318,U0097,F016,workpaper_draft_assistant,2025-10-24 12:37:51,0.99,1395,accepted,False,False,True
T000319,U0097,F016,risk_summary_generator,2025-09-30 18:20:29,0.62,1287,accepted,False,False,True
T000320,U0097,F016,anomaly_flagging,2025-11-13 07:40:19,0.81,5292,accepted,False,False,True
T000321,U0097,F016,variance_explanation,2025-08-03 18:49:28,0.67,709,accepted,False,False,True
T000322,U0097,F016,variance_explanation,2025-12-02 11:45:35,0.8,939,accepted,False,False,False
T000323,U0098,F015,risk_summary_generator,2025-11-19 22:55:06,0.74,446,accepted,False,False,True
T000324,U0098,F015,workpaper_draft_assistant,2026-02-22 12:11:11,0.69,869,accepted,False,False,True
T000325,U0098,F015,anomaly_flagging,2026-01-23 11:09:04,0.78,425,accepted,False,False,False
T000326,U0098,F015,document_qa_assistant,2026-02-13 22:27:00,0.69,1388,accepted,False,False,True
T000327,U0098,F015,risk_summary_generator,2026-02-03 17:14:32,0.74,729,edited,False,False,True
T000328,U0098,F015,workpaper_draft_assistant,2026-01-18 17:34:09,0.99,1339,accepted,False,False,False
T000329,U0098,F015,document_qa_assistant,2025-12-22 18:27:28,0.79,3645,accepted,False,False,True
T000330,U0098,F015,workpaper_draft_assistant,2026-03-20 14:35:27,0.56,1257,accepted,True,False,True
T000331,U0098,F015,variance_explanation,2026-01-08 21:43:50,0.82,422,edited,False,False,True
T000332,U0098,F015,document_qa_assistant,2026-03-18 05:04:50,0.69,1085,accepted,False,False,False
T000333,U0098,F015,document_qa_assistant,2025-11-16 11:15:37,0.67,645,edited,False,False,True
T000334,U0098,F015,workpaper_draft_assistant,2026-02-02 06:01:11,0.91,608,accepted,False,False,True
T000335,U0099,F008,risk_summary_generator,2025-11-10 02:55:34,0.9,869,accepted,False,False,True
T000336,U0099,F008,workpaper_draft_assistant,2025-10-25 05:36:43,0.8,995,accepted,False,False,True
T000337,U0099,F008,anomaly_flagging,2025-12-24 05:48:03,0.99,775,accepted,False,False,False
T000338,U0099,F008,document_qa_assistant,2025-10-17 17:11:46,0.97,1971,accepted,False,False,False
T000339,U0099,F008,workpaper_draft_assistant,2025-09-17 14:06:40,0.85,3503,accepted,False,False,True
T000340,U0099,F008,anomaly_flagging,2025-11-15 10:18:38,0.61,707,edited,False,False,True
T000341,U0099,F008,document_qa_assistant,2025-12-02 19:26:47,0.86,825,accepted,False,False,False
T000342,U0099,F008,risk_summary_generator,2026-01-21 00:58:45,0.64,687,accepted,False,False,False
T000343,U0099,F008,anomaly_flagging,2025-11-26 13:11:24,0.82,1028,accepted,False,False,False
T000344,U0099,F008,risk_summary_generator,2025-12-03 02:48:47,0.87,412,accepted,False,False,True
T000345,U0099,F008,risk_summary_generator,2025-10-17 10:59:35,0.58,3157,accepted,True,False,False
T000346,U0099,F008,anomaly_flagging,2025-12-10 05:29:18,0.97,953,accepted,False,False,False
T000347,U0101,F025,workpaper_draft_assistant,2026-02-09 06:32:09,0.89,678,accepted,False,False,False
T000348,U0101,F025,risk_summary_generator,2026-02-21 03:00:31,0.99,1865,accepted,False,False,False
T000349,U0101,F025,document_qa_assistant,2026-02-05 00:26:42,0.91,608,accepted,False,False,False
T000350,U0101,F025,risk_summary_generator,2026-02-18 00:25:18,0.84,527,accepted,False,False,True
T000351,U0101,F025,variance_explanation,2025-11-07 11:01:48,0.96,671,accepted,False,False,True
T000352,U0101,F025,anomaly_flagging,2026-02-17 18:16:46,0.9,2127,accepted,False,False,True
T000353,U0101,F025,risk_summary_generator,2026-03-10 13:17:03,0.9,524,accepted,False,False,True
T000354,U0101,F025,variance_explanation,2026-01-31 02:54:46,0.77,414,accepted,False,False,False
T000355,U0101,F025,variance_explanation,2025-12-30 07:11:41,0.61,1799,accepted,False,False,False
T000356,U0102,F013,risk_summary_generator,2026-06-25 04:25:31,0.7,473,edited,False,False,True
T000357,U0102,F013,anomaly_flagging,2026-06-19 16:15:59,0.82,3101,accepted,False,False,False
T000358,U0103,F001,variance_explanation,2025-08-21 19:20:34,0.8,1735,accepted,False,False,True
T000359,U0103,F001,document_qa_assistant,2025-09-05 04:35:22,0.7,955,accepted,False,False,True
T000360,U0103,F001,risk_summary_generator,2025-10-21 12:34:30,0.75,432,edited,False,False,True
T000361,U0103,F001,document_qa_assistant,2025-12-24 20:43:08,0.99,796,accepted,True,False,True
T000362,U0103,F001,risk_summary_generator,2025-09-18 22:11:09,0.99,1404,edited,False,False,False
T000363,U0103,F001,document_qa_assistant,2025-11-17 18:39:51,0.62,651,edited,True,False,False
T000364,U0103,F001,document_qa_assistant,2025-10-28 15:23:01,0.72,1682,accepted,False,False,False
T000365,U0103,F001,variance_explanation,2025-09-01 15:46:51,0.85,644,edited,False,False,False
T000366,U0103,F001,workpaper_draft_assistant,2025-10-28 22:24:45,0.74,1745,accepted,False,False,True
T000367,U0103,F001,risk_summary_generator,2025-08-24 13:37:31,0.84,2640,accepted,False,False,False
T000368,U0103,F001,anomaly_flagging,2025-10-21 06:45:41,0.83,2122,accepted,False,False,False
T000369,U0103,F001,variance_explanation,2025-09-27 10:22:24,0.77,1554,accepted,False,False,True
T000370,U0103,F001,document_qa_assistant,2025-11-26 23:55:42,0.94,2527,accepted,False,False,False
T000371,U0105,F012,variance_explanation,2026-04-25 08:11:08,0.39,434,accepted,True,True,True
T000372,U0105,F012,variance_explanation,2026-06-25 21:24:19,0.76,1075,accepted,False,False,False
T000373,U0105,F012,anomaly_flagging,2026-06-29 20:18:13,0.78,2033,accepted,False,False,True
T000374,U0105,F012,risk_summary_generator,2026-06-21 05:31:33,0.7,1790,accepted,False,False,True
T000375,U0105,F012,workpaper_draft_assistant,2026-04-12 14:12:06,0.74,1198,accepted,True,False,False
T000376,U0109,F024,document_qa_assistant,2026-06-11 19:16:54,0.74,1046,accepted,False,False,True
T000377,U0109,F024,variance_explanation,2026-05-28 22:45:02,0.89,1282,accepted,False,False,False
T000378,U0109,F024,document_qa_assistant,2026-05-22 13:46:41,0.89,571,accepted,False,False,True
T000379,U0110,F003,anomaly_flagging,2026-03-07 20:46:48,0.79,538,accepted,False,False,False
T000380,U0110,F003,risk_summary_generator,2026-05-20 20:01:38,0.57,814,accepted,False,False,True
T000381,U0110,F003,variance_explanation,2026-04-19 11:37:44,0.78,2350,edited,False,False,False
T000382,U0110,F003,document_qa_assistant,2026-04-29 18:17:18,0.85,762,accepted,False,False,False
T000383,U0110,F003,anomaly_flagging,2026-06-13 16:53:26,0.96,612,accepted,False,False,True
T000384,U0110,F003,workpaper_draft_assistant,2026-03-24 14:33:55,0.62,414,accepted,False,False,True
T000385,U0110,F003,document_qa_assistant,2026-06-05 23:53:28,0.74,484,accepted,False,False,True
T000386,U0110,F003,document_qa_assistant,2026-05-25 15:13:43,0.88,1326,accepted,False,False,False
T000387,U0110,F003,variance_explanation,2026-03-14 22:11:55,0.71,8000,accepted,False,False,False
T000388,U0110,F003,document_qa_assistant,2026-05-22 00:49:52,0.69,2680,accepted,False,False,False
T000389,U0111,F022,variance_explanation,2025-06-29 13:28:55,0.84,669,accepted,False,False,False
T000390,U0111,F022,variance_explanation,2025-09-13 20:05:59,0.97,1430,accepted,False,False,False
T000391,U0111,F022,anomaly_flagging,2025-10-01 13:26:13,0.73,1461,accepted,False,False,False
T000392,U0111,F022,workpaper_draft_assistant,2025-07-27 11:45:00,0.99,1862,accepted,True,False,True
T000393,U0112,F022,variance_explanation,2026-05-06 16:47:57,0.86,794,accepted,False,False,False
T000394,U0112,F022,risk_summary_generator,2026-06-14 05:47:55,0.94,1126,accepted,False,False,True
T000395,U0112,F022,variance_explanation,2026-03-30 14:47:40,0.84,3620,edited,False,False,False
T000396,U0112,F022,document_qa_assistant,2026-04-09 15:11:08,0.99,2214,edited,False,False,False
T000397,U0114,F022,workpaper_draft_assistant,2026-05-31 01:27:10,0.68,1118,accepted,False,False,False
T000398,U0114,F022,workpaper_draft_assistant,2026-06-11 15:36:15,0.96,618,accepted,False,False,False
T000399,U0114,F022,variance_explanation,2026-04-03 13:20:33,0.89,976,accepted,False,False,False
T000400,U0114,F022,document_qa_assistant,2026-06-22 07:38:56,0.8,2499,accepted,False,False,False
T000401,U0114,F022,workpaper_draft_assistant,2026-06-16 17:53:51,0.63,3987,edited,False,False,True
T000402,U0114,F022,document_qa_assistant,2026-06-12 12:02:20,0.92,2945,accepted,False,False,False
T000403,U0114,F022,variance_explanation,2026-02-28 05:05:52,0.78,2772,accepted,False,False,True
T000404,U0114,F022,variance_explanation,2026-05-24 20:31:04,0.99,3334,accepted,False,False,False
T000405,U0114,F022,anomaly_flagging,2026-03-31 20:40:01,0.8,1275,accepted,False,False,True
T000406,U0114,F022,risk_summary_generator,2026-05-05 05:37:22,0.77,1978,accepted,False,False,True
T000407,U0115,F010,workpaper_draft_assistant,2026-03-14 09:22:05,0.77,1403,accepted,True,False,True
T000408,U0115,F010,variance_explanation,2026-02-21 05:24:06,0.96,926,accepted,False,False,False
T000409,U0115,F010,document_qa_assistant,2026-04-17 14:46:34,0.72,1297,accepted,False,False,False
T000410,U0115,F010,anomaly_flagging,2026-01-14 21:22:37,0.61,1071,edited,False,False,True
T000411,U0115,F010,workpaper_draft_assistant,2026-04-09 23:36:24,0.63,2099,accepted,False,False,True
T000412,U0115,F010,risk_summary_generator,2026-03-13 00:31:05,0.99,682,accepted,True,False,True
T000413,U0115,F010,risk_summary_generator,2026-01-27 08:10:00,0.86,776,accepted,False,False,False
T000414,U0115,F010,risk_summary_generator,2026-01-05 23:39:56,0.9,1338,accepted,False,False,False
T000415,U0115,F010,variance_explanation,2025-12-09 19:04:57,0.99,1439,edited,False,False,True
T000416,U0115,F010,document_qa_assistant,2025-12-14 14:30:31,0.99,800,accepted,False,False,False
T000417,U0115,F010,variance_explanation,2026-02-13 20:08:40,0.91,1394,edited,False,False,False
T000418,U0116,F010,workpaper_draft_assistant,2025-10-18 16:15:41,0.92,1347,accepted,False,False,True
T000419,U0116,F010,document_qa_assistant,2025-11-19 23:41:42,0.64,1874,edited,False,False,False
T000420,U0116,F010,workpaper_draft_assistant,2025-11-18 01:27:53,0.8,3921,edited,False,False,True
T000421,U0116,F010,risk_summary_generator,2025-11-21 02:19:05,0.77,681,edited,False,False,True
T000422,U0116,F010,document_qa_assistant,2025-11-26 08:17:10,0.88,932,accepted,False,False,False
T000423,U0116,F010,variance_explanation,2025-10-29 19:32:56,0.75,1099,edited,True,False,False
T000424,U0116,F010,risk_summary_generator,2025-10-22 07:09:05,0.79,611,accepted,False,False,False
T000425,U0116,F010,risk_summary_generator,2025-10-29 19:44:49,0.89,964,accepted,False,False,True
T000426,U0116,F010,risk_summary_generator,2025-10-06 21:10:46,0.99,667,accepted,False,False,False
T000427,U0117,F019,document_qa_assistant,2026-03-26 21:26:33,0.99,4726,edited,False,False,False
T000428,U0117,F019,anomaly_flagging,2026-02-05 09:09:57,0.78,1341,edited,False,False,False
T000429,U0117,F019,workpaper_draft_assistant,2026-03-22 11:57:55,0.99,1648,accepted,False,False,False
T000430,U0117,F019,risk_summary_generator,2026-04-22 09:37:09,0.53,922,rejected,True,True,False
T000431,U0117,F019,variance_explanation,2026-04-25 22:47:20,0.82,922,accepted,False,False,False
T000432,U0117,F019,document_qa_assistant,2026-06-09 00:14:14,0.87,3301,accepted,False,False,False
T000433,U0117,F019,document_qa_assistant,2026-03-18 06:30:35,0.99,1065,accepted,False,False,True
T000434,U0117,F019,anomaly_flagging,2026-05-29 12:28:03,0.97,610,accepted,False,False,True
T000435,U0117,F019,workpaper_draft_assistant,2026-03-04 08:26:22,0.7,2147,accepted,False,False,True
T000436,U0117,F019,risk_summary_generator,2026-06-20 17:10:49,0.77,2353,accepted,False,False,False
T000437,U0118,F015,workpaper_draft_assistant,2026-01-25 14:25:35,0.75,1550,edited,False,False,False
T000438,U0118,F015,document_qa_assistant,2026-01-16 11:51:27,0.81,470,rejected,False,False,False
T000439,U0118,F015,document_qa_assistant,2026-02-13 08:19:39,0.59,1386,rejected,False,False,True
T000440,U0118,F015,risk_summary_generator,2026-01-13 11:08:58,0.96,661,accepted,False,False,False
T000441,U0118,F015,workpaper_draft_assistant,2026-04-01 11:12:52,0.96,429,accepted,False,False,True
T000442,U0118,F015,anomaly_flagging,2026-03-20 02:00:49,0.89,995,rejected,False,False,False
T000443,U0118,F015,document_qa_assistant,2026-02-15 00:42:33,0.83,1122,edited,False,False,False
T000444,U0118,F015,variance_explanation,2026-02-10 10:43:59,0.82,1226,edited,True,False,True
T000445,U0118,F015,risk_summary_generator,2026-03-14 11:51:28,0.75,1549,accepted,False,False,False
T000446,U0121,F003,risk_summary_generator,2026-06-10 21:28:27,0.67,2397,accepted,False,False,True
T000447,U0121,F003,risk_summary_generator,2026-05-08 05:06:51,0.53,541,edited,True,False,False
T000448,U0121,F003,variance_explanation,2026-06-19 11:41:49,0.73,475,accepted,False,False,True
T000449,U0125,F019,workpaper_draft_assistant,2025-10-31 15:33:31,0.84,427,accepted,False,False,True
T000450,U0125,F019,document_qa_assistant,2025-11-30 02:11:41,0.6,2079,edited,False,False,True
T000451,U0125,F019,variance_explanation,2025-11-06 01:10:05,0.83,611,edited,False,False,True
T000452,U0125,F019,risk_summary_generator,2025-12-02 17:54:48,0.76,614,accepted,False,False,True
T000453,U0126,F008,document_qa_assistant,2025-07-07 20:19:36,0.76,2745,edited,False,False,False
T000454,U0126,F008,anomaly_flagging,2025-07-06 20:53:45,0.82,456,edited,False,False,False
T000455,U0126,F008,variance_explanation,2025-07-02 15:41:25,0.98,1240,edited,False,False,False
T000456,U0126,F008,variance_explanation,2025-07-22 23:40:54,0.83,769,accepted,False,False,False
T000457,U0126,F008,risk_summary_generator,2025-10-08 19:12:48,0.88,481,edited,False,False,False
T000458,U0128,F023,anomaly_flagging,2026-03-17 00:13:52,0.91,1210,accepted,False,False,True
T000459,U0128,F023,anomaly_flagging,2026-03-24 15:33:07,0.77,582,accepted,False,False,False
T000460,U0128,F023,anomaly_flagging,2026-03-25 19:22:58,0.89,511,accepted,False,False,False
T000461,U0128,F023,anomaly_flagging,2026-05-28 12:54:44,0.75,775,edited,False,False,False
T000462,U0128,F023,variance_explanation,2026-02-18 05:23:55,0.8,473,accepted,False,False,True
T000463,U0128,F023,workpaper_draft_assistant,2026-01-11 04:38:08,0.82,1311,accepted,False,False,True
T000464,U0128,F023,workpaper_draft_assistant,2026-03-22 08:22:40,0.91,1029,accepted,False,False,True
T000465,U0128,F023,document_qa_assistant,2026-03-11 08:28:57,0.79,2961,edited,False,False,True
T000466,U0129,F008,risk_summary_generator,2025-09-06 04:28:56,0.7,512,edited,False,False,True
T000467,U0129,F008,workpaper_draft_assistant,2025-07-09 13:51:01,0.95,1719,accepted,False,False,True
T000468,U0129,F008,document_qa_assistant,2025-08-22 21:29:20,0.96,1216,edited,False,False,True
T000469,U0129,F008,workpaper_draft_assistant,2025-10-12 18:48:18,0.99,614,accepted,False,False,True
T000470,U0129,F008,risk_summary_generator,2025-09-19 22:01:18,0.68,524,accepted,False,False,True
T000471,U0129,F008,workpaper_draft_assistant,2025-07-09 03:18:20,0.83,2882,edited,False,False,True
T000472,U0129,F008,document_qa_assistant,2025-06-14 16:38:13,0.74,1405,accepted,False,False,True
T000473,U0132,F024,workpaper_draft_assistant,2026-03-19 11:17:09,0.71,534,edited,False,False,False
T000474,U0132,F024,risk_summary_generator,2026-03-03 08:21:02,0.81,1246,rejected,False,False,True
T000475,U0132,F024,anomaly_flagging,2026-04-16 00:34:37,0.71,480,rejected,False,False,True
T000476,U0132,F024,workpaper_draft_assistant,2026-01-22 09:03:56,0.67,1229,accepted,True,False,False
T000477,U0132,F024,document_qa_assistant,2026-01-21 17:06:19,0.92,485,edited,True,False,False
T000478,U0132,F024,document_qa_assistant,2026-03-02 13:31:59,0.94,2439,accepted,False,False,True
T000479,U0132,F024,risk_summary_generator,2026-01-30 18:52:53,0.79,2162,rejected,False,False,True
T000480,U0132,F024,variance_explanation,2026-01-14 05:54:42,0.54,904,accepted,True,False,True
T000481,U0132,F024,workpaper_draft_assistant,2026-03-22 09:39:17,0.63,887,edited,True,False,True
T000482,U0132,F024,variance_explanation,2025-12-24 17:07:49,0.88,800,accepted,False,False,False
T000483,U0132,F024,document_qa_assistant,2025-12-28 19:38:30,0.99,783,accepted,False,False,False
T000484,U0132,F024,workpaper_draft_assistant,2026-01-26 03:38:42,0.73,468,accepted,False,False,True
T000485,U0134,F016,anomaly_flagging,2026-02-27 16:54:34,0.89,1466,edited,False,False,False
T000486,U0134,F016,variance_explanation,2025-12-02 21:57:51,0.6,1430,edited,True,False,False
T000487,U0134,F016,document_qa_assistant,2026-01-02 04:40:03,0.71,467,accepted,False,False,False
T000488,U0134,F016,document_qa_assistant,2025-11-22 17:23:44,0.77,700,accepted,False,False,False
T000489,U0134,F016,variance_explanation,2025-11-30 07:59:05,0.99,1615,accepted,False,False,True
T000490,U0134,F016,document_qa_assistant,2025-11-19 03:27:04,0.99,833,accepted,False,False,False
T000491,U0134,F016,risk_summary_generator,2025-12-31 08:14:11,0.6,1162,accepted,False,False,True
T000492,U0134,F016,workpaper_draft_assistant,2026-02-24 21:30:35,0.75,2115,accepted,False,False,False
T000493,U0134,F016,risk_summary_generator,2025-12-01 11:56:24,0.62,2792,accepted,False,False,False
T000494,U0134,F016,anomaly_flagging,2025-11-06 14:01:06,0.71,772,accepted,False,False,False
T000495,U0134,F016,risk_summary_generator,2025-11-01 05:12:17,0.72,637,accepted,False,False,True
T000496,U0135,F021,anomaly_flagging,2025-12-09 20:49:44,0.98,978,accepted,False,False,True
T000497,U0135,F021,workpaper_draft_assistant,2026-05-03 14:46:10,0.84,627,accepted,False,False,False
T000498,U0135,F021,risk_summary_generator,2026-04-25 16:00:53,0.66,1382,accepted,False,False,False
T000499,U0135,F021,anomaly_flagging,2026-03-03 12:16:44,0.78,2990,rejected,False,True,False
T000500,U0135,F021,variance_explanation,2026-04-26 16:36:50,0.8,538,edited,False,False,True
T000501,U0135,F021,variance_explanation,2026-04-18 09:34:14,0.96,508,accepted,False,False,False
T000502,U0135,F021,workpaper_draft_assistant,2026-04-25 04:35:44,0.96,1603,accepted,False,False,False
T000503,U0135,F021,variance_explanation,2026-01-06 20:02:30,0.87,1423,edited,False,False,True
T000504,U0135,F021,workpaper_draft_assistant,2026-04-01 15:52:48,0.74,1057,accepted,False,False,False
T000505,U0135,F021,workpaper_draft_assistant,2026-04-15 06:38:55,0.87,937,accepted,False,False,False
T000506,U0136,F008,workpaper_draft_assistant,2025-12-13 00:36:31,0.58,1601,accepted,False,False,False
T000507,U0136,F008,anomaly_flagging,2025-11-25 20:29:38,0.74,737,edited,False,False,False
T000508,U0136,F008,variance_explanation,2026-01-18 19:38:27,0.8,991,accepted,False,False,False
T000509,U0136,F008,risk_summary_generator,2026-01-21 05:46:47,0.75,1222,accepted,False,False,False
T000510,U0136,F008,workpaper_draft_assistant,2025-12-14 05:32:09,0.91,2913,accepted,False,False,True
T000511,U0136,F008,workpaper_draft_assistant,2025-12-08 10:08:13,0.87,2181,accepted,False,False,True
T000512,U0136,F008,risk_summary_generator,2026-01-25 18:59:46,0.99,725,edited,False,False,False
T000513,U0136,F008,risk_summary_generator,2025-11-21 10:55:20,0.85,501,accepted,False,False,False
T000514,U0137,F010,risk_summary_generator,2025-09-28 02:09:22,0.75,765,edited,False,False,False
T000515,U0137,F010,document_qa_assistant,2025-10-22 08:49:40,0.99,578,accepted,False,False,True
T000516,U0137,F010,risk_summary_generator,2025-10-30 09:03:00,0.97,1039,edited,True,False,False
T000517,U0137,F010,risk_summary_generator,2025-11-20 05:06:47,0.9,641,edited,False,False,False
T000518,U0137,F010,variance_explanation,2025-10-19 07:29:38,0.88,992,accepted,False,False,False
T000519,U0137,F010,variance_explanation,2025-09-13 23:11:00,0.92,2821,accepted,False,False,True
T000520,U0137,F010,variance_explanation,2026-01-09 08:27:12,0.75,616,accepted,False,False,True
T000521,U0140,F003,variance_explanation,2025-10-28 10:12:06,0.93,630,edited,False,False,False
T000522,U0140,F003,risk_summary_generator,2026-02-09 11:58:20,0.56,849,accepted,False,False,False
T000523,U0140,F003,variance_explanation,2025-10-23 00:28:14,0.86,729,accepted,False,False,True
T000524,U0140,F003,risk_summary_generator,2026-02-05 08:03:37,0.82,477,accepted,False,False,True
T000525,U0140,F003,anomaly_flagging,2026-02-03 20:24:48,0.9,768,accepted,False,False,False
T000526,U0140,F003,variance_explanation,2026-01-07 01:31:58,0.79,592,accepted,False,False,False
T000527,U0143,F001,document_qa_assistant,2026-05-04 08:41:15,0.65,983,accepted,False,False,False
T000528,U0143,F001,workpaper_draft_assistant,2026-04-14 12:38:41,0.8,2439,accepted,False,False,False
T000529,U0143,F001,variance_explanation,2026-05-29 20:38:28,0.48,510,accepted,False,True,True
T000530,U0145,F014,workpaper_draft_assistant,2026-03-25 10:04:18,0.63,2851,accepted,True,False,False
T000531,U0145,F014,document_qa_assistant,2026-03-29 05:50:49,0.99,612,accepted,False,False,False
T000532,U0145,F014,workpaper_draft_assistant,2026-04-13 14:36:41,0.84,1360,edited,False,False,True
T000533,U0145,F014,workpaper_draft_assistant,2026-05-28 03:14:08,0.96,1342,accepted,False,False,False
T000534,U0145,F014,anomaly_flagging,2026-03-20 11:31:28,0.92,1355,edited,False,False,False
T000535,U0145,F014,workpaper_draft_assistant,2026-05-04 11:23:35,0.88,555,edited,False,False,False
T000536,U0145,F014,document_qa_assistant,2026-03-13 09:38:12,0.73,1158,rejected,False,True,True
T000537,U0145,F014,variance_explanation,2026-04-23 05:47:48,0.81,1020,rejected,False,True,False
T000538,U0145,F014,anomaly_flagging,2026-05-30 23:23:08,0.86,1406,accepted,False,False,False
T000539,U0145,F014,workpaper_draft_assistant,2026-05-02 22:31:04,0.85,467,edited,False,False,True
T000540,U0145,F014,risk_summary_generator,2026-05-04 09:35:20,0.75,633,accepted,False,False,True
T000541,U0145,F014,document_qa_assistant,2026-02-24 14:01:34,0.87,3663,accepted,False,False,False
T000542,U0145,F014,variance_explanation,2026-04-06 22:20:02,0.86,487,accepted,False,False,False
T000543,U0145,F014,anomaly_flagging,2026-05-14 01:29:04,0.79,1940,accepted,False,False,False
T000544,U0146,F008,risk_summary_generator,2026-05-27 10:48:21,0.51,1642,accepted,True,False,False
T000545,U0148,F022,variance_explanation,2026-06-19 13:16:17,0.8,866,edited,False,False,True
T000546,U0148,F022,variance_explanation,2026-06-16 02:48:17,0.78,1274,edited,False,False,False
T000547,U0148,F022,document_qa_assistant,2026-05-19 19:35:52,0.91,1374,accepted,False,False,False
T000548,U0148,F022,document_qa_assistant,2026-04-12 21:59:39,0.89,788,accepted,False,False,False
T000549,U0149,F005,variance_explanation,2026-06-21 00:48:18,0.71,591,accepted,False,False,True
T000550,U0151,F003,workpaper_draft_assistant,2026-05-09 02:22:53,0.72,2191,rejected,False,True,False
T000551,U0151,F003,variance_explanation,2026-02-15 21:45:46,0.99,5572,accepted,False,False,False
T000552,U0151,F003,anomaly_flagging,2026-05-20 07:50:07,0.76,1204,edited,False,False,False
T000553,U0151,F003,document_qa_assistant,2026-04-26 12:02:03,0.91,1334,accepted,False,False,False
T000554,U0151,F003,variance_explanation,2026-05-23 05:15:04,0.8,1576,edited,False,False,False
T000555,U0151,F003,risk_summary_generator,2026-02-09 22:11:40,0.91,1827,accepted,False,False,False
T000556,U0151,F003,risk_summary_generator,2026-02-26 22:20:58,0.97,1074,accepted,False,False,True
T000557,U0151,F003,document_qa_assistant,2026-03-29 09:03:30,0.81,967,edited,False,False,False
T000558,U0151,F003,risk_summary_generator,2026-03-26 01:04:24,0.67,1860,edited,False,False,True
T000559,U0151,F003,risk_summary_generator,2026-03-02 03:25:41,0.82,865,edited,False,False,False
T000560,U0151,F003,risk_summary_generator,2026-05-18 14:50:21,0.82,1417,accepted,False,False,False
T000561,U0151,F003,anomaly_flagging,2026-03-26 03:29:24,0.92,526,accepted,False,False,True
T000562,U0152,F015,variance_explanation,2025-08-19 06:43:11,0.8,668,accepted,False,False,True
T000563,U0152,F015,workpaper_draft_assistant,2025-08-16 12:22:07,0.82,910,accepted,False,False,True
T000564,U0152,F015,workpaper_draft_assistant,2025-08-11 20:17:03,0.91,699,accepted,False,False,True
T000565,U0152,F015,variance_explanation,2025-12-09 00:27:28,0.99,480,accepted,False,False,True
T000566,U0152,F015,workpaper_draft_assistant,2025-12-19 20:30:41,0.99,941,accepted,True,False,True
T000567,U0154,F025,variance_explanation,2026-05-03 07:57:02,0.54,2319,rejected,True,False,True
T000568,U0154,F025,workpaper_draft_assistant,2026-03-22 20:53:53,0.88,871,accepted,False,False,False
T000569,U0154,F025,anomaly_flagging,2026-01-31 18:28:16,0.85,1055,accepted,False,False,True
T000570,U0154,F025,workpaper_draft_assistant,2025-12-26 19:34:22,0.91,2542,edited,False,False,True
T000571,U0154,F025,anomaly_flagging,2026-03-06 10:36:38,0.99,1009,accepted,False,False,False
T000572,U0154,F025,document_qa_assistant,2026-01-28 03:37:50,0.75,465,accepted,False,False,False
T000573,U0154,F025,risk_summary_generator,2026-03-13 16:33:14,0.46,986,rejected,False,True,True
T000574,U0154,F025,variance_explanation,2026-01-15 20:11:14,0.81,956,accepted,False,False,True
T000575,U0157,F012,anomaly_flagging,2025-09-26 01:30:51,0.8,472,accepted,False,False,False
T000576,U0157,F012,workpaper_draft_assistant,2025-07-10 18:55:36,0.65,696,accepted,False,False,False
T000577,U0157,F012,variance_explanation,2025-11-06 20:56:17,0.92,683,accepted,False,False,False
T000578,U0157,F012,document_qa_assistant,2025-08-05 10:17:15,0.42,739,accepted,False,True,False
T000579,U0157,F012,anomaly_flagging,2025-10-02 14:43:04,0.99,1602,accepted,False,False,True
T000580,U0157,F012,variance_explanation,2025-07-11 11:42:21,0.82,919,accepted,False,False,True
T000581,U0157,F012,document_qa_assistant,2025-08-27 02:00:24,0.98,1280,accepted,True,False,False
T000582,U0157,F012,document_qa_assistant,2025-09-01 21:23:20,0.58,649,edited,False,False,True
T000583,U0157,F012,anomaly_flagging,2025-09-03 01:44:45,0.78,1932,accepted,True,False,True
T000584,U0157,F012,document_qa_assistant,2025-08-02 12:48:26,0.99,491,edited,True,False,False
T000585,U0161,F019,risk_summary_generator,2025-09-10 18:31:22,0.83,1674,accepted,False,False,False
T000586,U0161,F019,risk_summary_generator,2025-08-21 16:38:50,0.88,1102,rejected,False,False,True
T000587,U0161,F019,risk_summary_generator,2025-09-17 18:01:56,0.75,628,accepted,False,False,True
T000588,U0161,F019,variance_explanation,2025-11-01 07:30:04,0.93,2271,rejected,False,True,False
T000589,U0161,F019,risk_summary_generator,2025-10-19 06:26:47,0.99,2846,rejected,False,True,False
T000590,U0161,F019,anomaly_flagging,2025-08-07 05:40:37,0.74,834,accepted,False,False,False
T000591,U0161,F019,variance_explanation,2025-11-12 20:46:21,0.61,2987,edited,False,False,True
T000592,U0161,F019,variance_explanation,2025-10-04 14:53:55,0.75,1040,edited,False,False,True
T000593,U0161,F019,risk_summary_generator,2025-10-06 06:53:57,0.71,1251,rejected,False,False,False
T000594,U0161,F019,document_qa_assistant,2025-11-05 01:31:18,0.82,3663,edited,False,False,False
T000595,U0161,F019,anomaly_flagging,2025-09-22 02:34:03,0.78,526,edited,False,False,False
T000596,U0161,F019,anomaly_flagging,2025-11-29 02:25:16,0.84,1158,accepted,False,False,False
T000597,U0162,F025,workpaper_draft_assistant,2026-03-26 10:22:10,0.73,1083,accepted,False,False,False
T000598,U0162,F025,document_qa_assistant,2026-01-11 04:20:50,0.99,566,accepted,False,False,True
T000599,U0162,F025,workpaper_draft_assistant,2026-01-06 20:11:52,0.6,2128,edited,False,False,False
T000600,U0162,F025,risk_summary_generator,2025-12-24 17:04:27,0.63,663,accepted,False,False,True
T000601,U0162,F025,variance_explanation,2026-03-24 06:42:59,0.99,1546,accepted,False,False,True
T000602,U0162,F025,anomaly_flagging,2026-04-05 22:24:11,0.73,1928,accepted,False,False,True
T000603,U0162,F025,anomaly_flagging,2025-12-25 18:20:10,0.97,756,accepted,False,False,True
T000604,U0162,F025,anomaly_flagging,2026-03-06 01:35:35,0.76,996,accepted,False,False,True
T000605,U0165,F010,variance_explanation,2026-04-25 23:27:08,0.99,499,accepted,False,False,False
T000606,U0165,F010,workpaper_draft_assistant,2026-05-01 06:41:52,0.65,1031,edited,False,False,False
T000607,U0165,F010,risk_summary_generator,2026-03-11 16:02:21,0.89,2763,accepted,False,False,False
T000608,U0165,F010,risk_summary_generator,2026-04-10 19:55:12,0.77,500,rejected,True,False,True
T000609,U0165,F010,risk_summary_generator,2026-04-17 11:42:40,0.85,1326,accepted,False,False,True
T000610,U0166,F023,anomaly_flagging,2025-10-26 00:07:28,0.82,725,accepted,False,False,False
T000611,U0166,F023,workpaper_draft_assistant,2025-08-20 08:10:28,0.89,461,accepted,True,False,False
T000612,U0166,F023,anomaly_flagging,2025-07-26 23:37:27,0.83,514,accepted,False,False,False
T000613,U0166,F023,risk_summary_generator,2025-10-27 10:17:03,0.87,654,accepted,False,False,False
T000614,U0166,F023,risk_summary_generator,2025-09-19 17:51:38,0.61,609,accepted,False,False,False
T000615,U0166,F023,document_qa_assistant,2025-11-14 17:26:40,0.99,593,edited,False,False,False
T000616,U0166,F023,variance_explanation,2025-10-21 08:08:59,0.65,492,accepted,False,False,True
T000617,U0166,F023,risk_summary_generator,2025-10-28 09:21:53,0.92,587,edited,False,False,True
T000618,U0166,F023,document_qa_assistant,2025-10-05 05:14:32,0.51,639,accepted,False,False,False
T000619,U0166,F023,workpaper_draft_assistant,2025-09-17 14:38:41,0.86,681,accepted,False,False,True
T000620,U0166,F023,risk_summary_generator,2025-11-01 15:19:59,0.92,854,edited,False,False,False
T000621,U0168,F010,variance_explanation,2026-06-27 07:53:57,0.84,574,accepted,False,False,False
T000622,U0169,F019,variance_explanation,2026-06-24 07:54:25,0.71,1234,accepted,False,False,False
T000623,U0169,F019,risk_summary_generator,2026-06-19 16:07:42,0.86,674,accepted,False,False,False
T000624,U0169,F019,document_qa_assistant,2026-06-17 09:57:04,0.64,1435,rejected,False,False,False
T000625,U0169,F019,document_qa_assistant,2026-06-11 14:58:28,0.72,907,accepted,False,False,False
T000626,U0173,F021,workpaper_draft_assistant,2026-03-17 03:32:02,0.93,523,edited,False,False,True
T000627,U0173,F021,variance_explanation,2026-03-21 12:04:11,0.9,1442,edited,False,False,False
T000628,U0173,F021,risk_summary_generator,2026-04-28 05:28:59,0.95,546,edited,False,False,True
T000629,U0173,F021,anomaly_flagging,2026-05-27 21:14:33,0.61,1191,edited,False,False,True
T000630,U0173,F021,document_qa_assistant,2026-04-21 10:32:56,0.87,896,accepted,False,False,True
T000631,U0173,F021,anomaly_flagging,2026-04-15 05:56:38,0.65,663,accepted,False,False,False
T000632,U0173,F021,anomaly_flagging,2026-04-17 20:26:58,0.97,2195,accepted,False,False,False
T000633,U0173,F021,document_qa_assistant,2026-05-10 04:07:38,0.66,580,edited,False,False,True
T000634,U0173,F021,workpaper_draft_assistant,2026-03-18 04:56:13,0.86,928,edited,False,False,False
T000635,U0175,F018,variance_explanation,2026-06-03 16:03:14,0.92,612,accepted,False,False,False
T000636,U0175,F018,workpaper_draft_assistant,2026-05-30 12:22:15,0.83,2174,edited,False,False,True
T000637,U0175,F018,risk_summary_generator,2026-04-06 22:43:13,0.99,695,accepted,False,False,True
T000638,U0175,F018,anomaly_flagging,2026-04-22 23:05:28,0.83,939,accepted,False,False,False
T000639,U0175,F018,variance_explanation,2026-03-24 12:54:52,0.84,1331,accepted,False,False,True
T000640,U0175,F018,document_qa_assistant,2026-06-17 06:09:19,0.89,565,accepted,False,False,False
T000641,U0179,F013,workpaper_draft_assistant,2026-03-11 06:04:33,0.97,820,accepted,False,False,True
T000642,U0179,F013,anomaly_flagging,2026-04-13 15:45:47,0.83,2010,accepted,False,False,False
T000643,U0179,F013,risk_summary_generator,2026-04-16 02:55:17,0.83,710,accepted,True,False,False
T000644,U0179,F013,anomaly_flagging,2025-12-22 20:53:09,0.47,1018,accepted,False,False,True
T000645,U0179,F013,variance_explanation,2025-12-29 09:50:26,0.86,535,accepted,False,False,False
T000646,U0179,F013,risk_summary_generator,2026-04-07 14:49:31,0.8,778,accepted,False,False,True
T000647,U0179,F013,variance_explanation,2026-02-24 20:06:41,0.97,1563,accepted,False,False,True
T000648,U0179,F013,document_qa_assistant,2026-04-14 03:05:14,0.46,1421,edited,False,False,False
T000649,U0179,F013,risk_summary_generator,2025-12-25 04:40:46,0.81,1909,edited,False,False,True
T000650,U0179,F013,document_qa_assistant,2026-03-25 02:21:54,0.88,567,accepted,False,False,False
T000651,U0179,F013,workpaper_draft_assistant,2026-01-08 00:21:04,0.93,2176,accepted,False,False,True
T000652,U0182,F023,variance_explanation,2026-01-26 22:47:47,0.64,628,rejected,False,False,True
T000653,U0182,F023,anomaly_flagging,2025-09-26 22:18:10,0.86,420,accepted,False,False,True
T000654,U0182,F023,variance_explanation,2025-09-19 06:45:23,0.99,702,accepted,False,False,True
T000655,U0182,F023,workpaper_draft_assistant,2025-10-28 07:39:13,0.88,1641,accepted,True,False,True
T000656,U0182,F023,risk_summary_generator,2026-01-12 07:00:49,0.8,1034,accepted,False,False,False
T000657,U0182,F023,document_qa_assistant,2025-10-16 17:05:00,0.74,3277,accepted,False,False,False
T000658,U0182,F023,variance_explanation,2025-09-14 16:06:41,0.99,1192,accepted,True,False,True
T000659,U0183,F007,workpaper_draft_assistant,2025-07-09 19:44:00,0.94,1977,accepted,False,False,True
T000660,U0183,F007,anomaly_flagging,2025-06-22 06:51:07,0.65,456,accepted,False,False,False
T000661,U0183,F007,workpaper_draft_assistant,2025-07-14 14:22:09,0.76,4476,edited,False,False,False
T000662,U0183,F007,variance_explanation,2025-10-10 23:19:24,0.81,645,accepted,False,False,False
T000663,U0183,F007,workpaper_draft_assistant,2025-08-03 19:19:00,0.9,1992,accepted,False,False,False
T000664,U0183,F007,document_qa_assistant,2025-08-14 05:52:17,0.84,1024,accepted,True,False,True
T000665,U0187,F008,document_qa_assistant,2026-03-13 00:26:12,0.69,2671,edited,False,False,True
T000666,U0187,F008,risk_summary_generator,2026-02-19 22:02:44,0.92,544,accepted,True,False,True
T000667,U0187,F008,variance_explanation,2026-02-08 16:24:45,0.52,718,accepted,False,False,True
T000668,U0187,F008,workpaper_draft_assistant,2026-02-03 17:48:25,0.99,2636,accepted,False,False,True
T000669,U0187,F008,workpaper_draft_assistant,2026-04-18 06:12:34,0.91,1592,accepted,False,False,False
T000670,U0187,F008,document_qa_assistant,2026-03-17 11:48:35,0.83,1411,edited,False,False,False
T000671,U0187,F008,variance_explanation,2026-03-17 16:54:28,0.67,1966,accepted,False,False,False
T000672,U0187,F008,risk_summary_generator,2026-03-06 00:53:28,0.89,2426,edited,False,False,True
T000673,U0187,F008,variance_explanation,2025-12-27 14:32:32,0.93,2361,accepted,False,False,False
T000674,U0189,F024,document_qa_assistant,2026-03-06 07:54:01,0.84,446,accepted,False,False,True
T000675,U0189,F024,anomaly_flagging,2026-04-14 07:12:00,0.77,3593,accepted,False,False,True
T000676,U0189,F024,risk_summary_generator,2026-06-07 10:06:34,0.9,487,accepted,False,False,False
T000677,U0189,F024,document_qa_assistant,2026-05-08 15:50:30,0.68,1455,rejected,False,False,True
T000678,U0189,F024,risk_summary_generator,2026-02-14 02:26:09,0.67,541,rejected,False,False,True
T000679,U0189,F024,variance_explanation,2026-05-30 17:59:39,0.99,2482,edited,False,False,True
T000680,U0189,F024,document_qa_assistant,2026-04-06 22:59:33,0.99,754,accepted,False,False,False
T000681,U0189,F024,document_qa_assistant,2026-05-07 22:16:07,0.78,2037,accepted,False,False,True
T000682,U0189,F024,document_qa_assistant,2026-04-23 04:39:54,0.8,1278,accepted,False,False,True
T000683,U0189,F024,document_qa_assistant,2026-05-12 13:28:17,0.78,421,accepted,False,False,True
T000684,U0189,F024,risk_summary_generator,2026-03-18 11:22:44,0.65,1669,edited,False,False,False
T000685,U0189,F024,risk_summary_generator,2026-03-30 20:12:24,0.74,1050,accepted,False,False,False
T000686,U0189,F024,workpaper_draft_assistant,2026-02-19 11:43:03,0.99,1758,edited,False,False,False
T000687,U0193,F024,anomaly_flagging,2026-04-28 17:06:11,0.79,719,edited,False,False,False
T000688,U0193,F024,risk_summary_generator,2026-03-13 05:24:05,0.81,1566,accepted,False,False,False
T000689,U0193,F024,variance_explanation,2026-02-11 02:26:12,0.82,2242,accepted,False,False,False
T000690,U0193,F024,anomaly_flagging,2026-02-13 05:12:34,0.87,2329,accepted,False,False,False
T000691,U0193,F024,document_qa_assistant,2026-01-31 23:02:57,0.99,4263,accepted,False,False,False
T000692,U0193,F024,workpaper_draft_assistant,2026-04-27 05:19:12,0.99,3409,accepted,False,False,False
T000693,U0193,F024,anomaly_flagging,2026-02-23 22:01:08,0.89,679,edited,False,False,False
T000694,U0194,F025,risk_summary_generator,2026-04-01 10:45:47,0.7,1452,edited,False,False,True
T000695,U0194,F025,workpaper_draft_assistant,2026-05-04 13:41:24,0.99,676,accepted,False,False,True
T000696,U0194,F025,anomaly_flagging,2026-05-07 07:26:10,0.63,445,accepted,True,False,False
T000697,U0194,F025,workpaper_draft_assistant,2026-06-17 02:51:56,0.99,774,accepted,False,False,False
T000698,U0194,F025,workpaper_draft_assistant,2026-06-24 22:47:16,0.77,486,accepted,False,False,True
T000699,U0194,F025,anomaly_flagging,2026-05-21 03:55:22,0.82,811,edited,False,False,True
T000700,U0194,F025,workpaper_draft_assistant,2026-06-26 10:22:04,0.9,451,accepted,False,False,False
T000701,U0194,F025,document_qa_assistant,2026-04-02 01:54:31,0.59,1469,rejected,False,True,True
T000702,U0194,F025,variance_explanation,2026-06-06 20:01:46,0.86,1126,accepted,False,False,True
T000703,U0194,F025,document_qa_assistant,2026-04-16 11:53:29,0.81,575,accepted,False,False,False
T000704,U0195,F004,anomaly_flagging,2026-05-19 18:05:00,0.74,1233,accepted,True,False,True
T000705,U0195,F004,anomaly_flagging,2026-06-15 03:20:40,0.85,528,edited,False,False,True
T000706,U0195,F004,document_qa_assistant,2026-05-03 17:55:47,0.99,569,accepted,True,False,True
T000707,U0197,F018,workpaper_draft_assistant,2025-10-10 09:29:37,0.77,413,accepted,True,False,False
T000708,U0197,F018,anomaly_flagging,2025-09-17 01:54:39,0.99,1369,accepted,False,False,False
T000709,U0197,F018,risk_summary_generator,2025-09-21 07:58:24,0.71,1075,edited,False,False,False
T000710,U0197,F018,document_qa_assistant,2025-10-16 18:13:32,0.86,1030,accepted,False,False,False
T000711,U0197,F018,anomaly_flagging,2025-12-21 00:42:03,0.74,2156,accepted,False,False,True
T000712,U0197,F018,anomaly_flagging,2025-12-26 20:01:33,0.66,423,accepted,False,False,True
T000713,U0197,F018,document_qa_assistant,2025-11-08 21:13:00,0.65,1296,accepted,False,False,True
T000714,U0197,F018,document_qa_assistant,2025-12-14 18:32:15,0.92,1300,edited,False,False,True
T000715,U0198,F002,workpaper_draft_assistant,2026-01-13 09:40:18,0.84,2886,accepted,False,False,True
T000716,U0198,F002,risk_summary_generator,2025-12-23 22:07:21,0.71,434,accepted,False,False,False
T000717,U0198,F002,anomaly_flagging,2026-02-10 04:20:19,0.7,4264,edited,False,False,True
T000718,U0198,F002,anomaly_flagging,2026-03-13 14:46:14,0.68,4611,accepted,False,False,True
T000719,U0198,F002,workpaper_draft_assistant,2025-11-29 07:29:06,0.61,2135,accepted,False,False,False
T000720,U0198,F002,workpaper_draft_assistant,2025-12-26 21:35:59,0.76,882,edited,False,False,True
T000721,U0198,F002,document_qa_assistant,2025-12-30 20:38:17,0.91,498,edited,False,False,True
T000722,U0198,F002,risk_summary_generator,2025-11-08 11:16:59,0.52,1195,accepted,False,False,False
T000723,U0198,F002,variance_explanation,2025-12-24 18:11:22,0.73,2940,rejected,False,True,False
T000724,U0198,F002,anomaly_flagging,2025-12-14 17:54:05,0.85,3156,accepted,False,False,False
T000725,U0202,F016,document_qa_assistant,2025-06-12 00:00:35,0.74,1237,edited,False,False,False
T000726,U0202,F016,risk_summary_generator,2025-07-25 00:00:01,0.48,642,accepted,False,False,True
T000727,U0202,F016,anomaly_flagging,2025-05-29 13:24:01,0.71,462,accepted,False,False,True
T000728,U0202,F016,variance_explanation,2025-08-19 02:46:14,0.95,633,accepted,False,False,True
T000729,U0202,F016,variance_explanation,2025-05-24 04:22:18,0.89,513,accepted,False,False,False
T000730,U0202,F016,workpaper_draft_assistant,2025-07-07 04:22:51,0.86,659,edited,False,False,False
T000731,U0202,F016,workpaper_draft_assistant,2025-05-23 17:20:56,0.7,715,accepted,False,False,False
T000732,U0202,F016,document_qa_assistant,2025-09-09 21:06:32,0.85,871,accepted,False,False,True
T000733,U0202,F016,risk_summary_generator,2025-10-07 17:27:58,0.67,2322,accepted,False,False,True
T000734,U0202,F016,variance_explanation,2025-08-25 13:44:29,0.56,822,accepted,False,False,False
T000735,U0203,F003,variance_explanation,2025-12-29 20:59:57,0.63,949,edited,False,False,False
T000736,U0203,F003,risk_summary_generator,2026-03-07 10:15:05,0.99,1013,accepted,False,False,True
T000737,U0203,F003,document_qa_assistant,2026-03-05 06:50:50,0.9,612,accepted,False,False,True
T000738,U0203,F003,document_qa_assistant,2026-01-06 20:30:21,0.82,1162,edited,False,False,False
T000739,U0203,F003,risk_summary_generator,2026-04-30 08:25:45,0.92,1030,accepted,False,False,True
T000740,U0203,F003,document_qa_assistant,2026-01-17 21:46:27,0.76,2100,accepted,False,False,False
T000741,U0203,F003,anomaly_flagging,2026-03-31 23:58:44,0.42,4050,edited,False,False,True
T000742,U0203,F003,workpaper_draft_assistant,2026-03-24 14:49:06,0.89,1174,accepted,False,False,False
T000743,U0203,F003,document_qa_assistant,2026-03-24 10:38:51,0.77,1769,accepted,False,False,False
T000744,U0203,F003,anomaly_flagging,2026-05-13 14:50:54,0.73,733,accepted,False,False,False
T000745,U0203,F003,risk_summary_generator,2026-01-30 12:07:01,0.82,1899,edited,False,False,False
T000746,U0205,F003,risk_summary_generator,2025-08-26 01:33:24,0.91,2192,accepted,False,False,False
T000747,U0205,F003,risk_summary_generator,2025-08-21 21:48:04,0.76,489,accepted,False,False,False
T000748,U0205,F003,workpaper_draft_assistant,2025-12-08 05:04:47,0.89,770,edited,False,False,False
T000749,U0205,F003,risk_summary_generator,2025-10-24 02:58:34,0.99,516,accepted,False,False,False
T000750,U0205,F003,anomaly_flagging,2025-12-01 01:31:42,0.57,980,accepted,False,False,True
T000751,U0205,F003,variance_explanation,2025-12-02 05:59:47,0.97,1339,accepted,False,False,False
T000752,U0205,F003,risk_summary_generator,2025-11-17 04:15:25,0.77,536,accepted,False,False,True
T000753,U0205,F003,workpaper_draft_assistant,2025-10-24 19:02:46,0.67,1574,accepted,False,False,False
T000754,U0205,F003,document_qa_assistant,2025-10-27 03:52:29,0.84,452,accepted,False,False,True
T000755,U0205,F003,document_qa_assistant,2025-09-01 00:01:18,0.73,1976,edited,False,False,False
T000756,U0205,F003,variance_explanation,2025-11-18 05:15:20,0.93,1194,edited,False,False,True
T000757,U0205,F003,workpaper_draft_assistant,2025-10-26 11:01:36,0.71,4010,edited,False,False,True
T000758,U0210,F024,anomaly_flagging,2025-09-01 13:39:00,0.79,1814,accepted,False,False,False
T000759,U0210,F024,anomaly_flagging,2025-09-24 23:07:39,0.99,532,accepted,True,False,False
T000760,U0210,F024,anomaly_flagging,2025-06-02 18:12:15,0.69,511,accepted,True,False,False
T000761,U0210,F024,variance_explanation,2025-08-31 19:37:30,0.66,1288,edited,False,False,False
T000762,U0210,F024,document_qa_assistant,2025-08-22 17:51:05,0.94,499,rejected,False,False,False
T000763,U0210,F024,variance_explanation,2025-06-16 17:17:22,0.81,1446,accepted,False,False,True
T000764,U0210,F024,anomaly_flagging,2025-06-18 16:33:16,0.73,1948,accepted,False,False,False
T000765,U0211,F009,variance_explanation,2026-04-24 11:16:47,0.94,1020,accepted,False,False,False
T000766,U0211,F009,document_qa_assistant,2026-05-17 03:27:25,0.95,945,accepted,False,False,False
T000767,U0211,F009,document_qa_assistant,2026-02-08 18:26:01,0.58,868,accepted,False,False,False
T000768,U0211,F009,anomaly_flagging,2026-06-25 14:07:59,0.6,1821,edited,False,False,False
T000769,U0211,F009,risk_summary_generator,2026-04-06 21:19:23,0.99,1823,accepted,False,False,True
T000770,U0211,F009,document_qa_assistant,2026-05-27 10:40:55,0.92,782,edited,True,False,False
T000771,U0211,F009,workpaper_draft_assistant,2026-05-21 03:59:35,0.76,448,accepted,False,False,True
T000772,U0211,F009,risk_summary_generator,2026-06-04 17:42:13,0.76,495,accepted,False,False,False
T000773,U0213,F015,workpaper_draft_assistant,2026-06-29 06:39:03,0.91,1326,accepted,False,False,False
T000774,U0213,F015,workpaper_draft_assistant,2026-05-08 05:59:12,0.54,2903,accepted,False,False,False
T000775,U0214,F002,variance_explanation,2025-12-05 15:39:17,0.77,1442,accepted,False,False,False
T000776,U0214,F002,risk_summary_generator,2026-01-20 03:52:16,0.91,1191,accepted,True,False,True
T000777,U0214,F002,variance_explanation,2025-12-20 02:26:13,0.62,999,accepted,False,False,False
T000778,U0214,F002,document_qa_assistant,2025-12-03 17:16:50,0.77,500,accepted,False,False,False
T000779,U0216,F008,variance_explanation,2025-11-20 03:08:41,0.62,1695,edited,False,False,True
T000780,U0216,F008,risk_summary_generator,2026-02-26 13:35:31,0.64,1014,edited,False,False,False
T000781,U0216,F008,variance_explanation,2025-11-26 21:11:39,0.88,1286,accepted,False,False,True
T000782,U0216,F008,variance_explanation,2025-11-16 10:56:06,0.55,3675,accepted,False,False,True
T000783,U0216,F008,risk_summary_generator,2025-10-25 18:34:32,0.82,993,edited,False,False,False
T000784,U0216,F008,workpaper_draft_assistant,2026-03-08 19:18:56,0.96,649,accepted,False,False,True
T000785,U0216,F008,risk_summary_generator,2025-12-11 17:29:25,0.69,1821,edited,False,False,False
T000786,U0216,F008,anomaly_flagging,2026-02-09 07:47:45,0.81,502,accepted,False,False,False
T000787,U0216,F008,document_qa_assistant,2026-02-25 02:34:55,0.8,2841,accepted,False,False,False
T000788,U0216,F008,anomaly_flagging,2025-10-27 17:23:31,0.82,1153,accepted,False,False,False
T000789,U0216,F008,anomaly_flagging,2025-12-12 22:49:34,0.75,980,edited,False,False,True
T000790,U0216,F008,workpaper_draft_assistant,2025-12-06 09:33:22,0.76,854,accepted,False,False,True
T000791,U0216,F008,risk_summary_generator,2025-12-31 14:22:04,0.85,1456,accepted,False,False,False
T000792,U0217,F007,variance_explanation,2026-01-23 04:38:08,0.9,837,accepted,False,False,False
T000793,U0217,F007,document_qa_assistant,2026-03-11 23:31:17,0.7,1419,edited,False,False,True
T000794,U0217,F007,document_qa_assistant,2026-04-09 10:28:19,0.73,824,accepted,True,False,False
T000795,U0217,F007,document_qa_assistant,2026-03-13 02:24:54,0.45,503,accepted,False,False,False
T000796,U0217,F007,anomaly_flagging,2025-12-07 13:27:13,0.89,1860,accepted,False,False,False
T000797,U0217,F007,document_qa_assistant,2026-02-22 11:02:59,0.75,719,edited,False,False,False
T000798,U0217,F007,workpaper_draft_assistant,2026-03-27 18:37:15,0.77,452,accepted,False,False,False
T000799,U0217,F007,risk_summary_generator,2026-04-26 20:23:44,0.78,401,edited,False,False,False
T000800,U0218,F021,anomaly_flagging,2026-01-30 12:16:21,0.91,461,accepted,False,False,True
T000801,U0218,F021,document_qa_assistant,2026-02-11 22:26:28,0.58,870,accepted,True,False,True
T000802,U0218,F021,variance_explanation,2025-12-10 10:31:12,0.79,1726,accepted,False,False,False
T000803,U0218,F021,risk_summary_generator,2025-12-23 08:43:00,0.69,522,accepted,False,False,True
T000804,U0218,F021,risk_summary_generator,2025-12-26 18:50:52,0.7,572,accepted,False,False,False
T000805,U0218,F021,anomaly_flagging,2025-11-19 22:19:14,0.75,2455,edited,False,False,False
T000806,U0218,F021,workpaper_draft_assistant,2025-12-16 06:54:59,0.84,1144,accepted,False,False,False
T000807,U0218,F021,variance_explanation,2025-12-23 07:26:39,0.49,3862,edited,False,True,False
T000808,U0222,F023,anomaly_flagging,2026-01-30 06:39:56,0.95,1292,edited,False,False,True
T000809,U0222,F023,variance_explanation,2026-02-13 17:38:03,0.91,404,edited,False,False,False
T000810,U0222,F023,variance_explanation,2026-01-31 05:19:41,0.58,1396,accepted,True,False,True
T000811,U0222,F023,anomaly_flagging,2026-02-09 20:02:59,0.69,1391,rejected,True,True,False
T000812,U0222,F023,document_qa_assistant,2026-03-11 16:33:26,0.97,661,edited,False,False,False
T000813,U0222,F023,risk_summary_generator,2026-03-15 20:39:37,0.78,757,accepted,False,False,False
T000814,U0222,F023,anomaly_flagging,2026-03-10 21:40:23,0.65,1250,accepted,False,False,True
T000815,U0222,F023,workpaper_draft_assistant,2025-12-10 06:35:37,0.99,777,accepted,False,False,False
T000816,U0222,F023,document_qa_assistant,2025-11-15 02:33:31,0.84,1061,accepted,False,False,True
T000817,U0222,F023,variance_explanation,2025-11-29 15:24:38,0.72,1041,accepted,False,False,False
T000818,U0222,F023,risk_summary_generator,2025-11-07 04:03:25,0.77,767,accepted,False,False,True
T000819,U0223,F016,variance_explanation,2025-12-23 08:01:33,0.88,609,accepted,False,False,True
T000820,U0223,F016,anomaly_flagging,2026-03-15 12:52:20,0.72,1509,edited,False,False,False
T000821,U0223,F016,anomaly_flagging,2026-01-14 08:00:19,0.93,437,accepted,False,False,True
T000822,U0223,F016,workpaper_draft_assistant,2026-03-12 22:26:19,0.92,1262,accepted,False,False,False
T000823,U0223,F016,document_qa_assistant,2026-01-02 17:42:14,0.91,684,accepted,False,False,True
T000824,U0223,F016,anomaly_flagging,2025-12-25 16:43:48,0.79,473,accepted,False,False,False
T000825,U0223,F016,variance_explanation,2026-01-04 03:54:35,0.91,2155,accepted,False,False,True
T000826,U0223,F016,document_qa_assistant,2026-01-31 16:14:39,0.9,1519,accepted,False,False,True
T000827,U0227,F022,risk_summary_generator,2026-02-08 22:23:36,0.72,958,edited,True,False,False
T000828,U0227,F022,risk_summary_generator,2025-12-24 17:53:44,0.65,520,accepted,False,False,True
T000829,U0227,F022,variance_explanation,2025-11-07 18:10:09,0.86,3499,accepted,False,False,True
T000830,U0227,F022,workpaper_draft_assistant,2025-12-24 13:34:44,0.89,2016,accepted,True,False,False
T000831,U0227,F022,variance_explanation,2026-02-06 06:07:50,0.81,1115,edited,False,False,True
T000832,U0227,F022,workpaper_draft_assistant,2026-02-13 09:58:52,0.76,2404,accepted,False,False,True
T000833,U0227,F022,anomaly_flagging,2026-03-02 00:53:01,0.96,447,accepted,False,False,False
T000834,U0227,F022,risk_summary_generator,2025-11-18 16:27:56,0.99,1346,accepted,True,False,False
T000835,U0227,F022,risk_summary_generator,2026-02-02 13:52:14,0.95,1804,accepted,False,False,True
T000836,U0228,F025,variance_explanation,2025-12-22 09:16:53,0.94,462,accepted,False,False,False
T000837,U0228,F025,risk_summary_generator,2025-11-07 17:25:21,0.58,668,accepted,True,False,False
T000838,U0228,F025,workpaper_draft_assistant,2026-01-12 21:48:45,0.99,710,accepted,False,False,True
T000839,U0228,F025,workpaper_draft_assistant,2025-12-08 13:16:25,0.96,485,accepted,False,False,False
T000840,U0228,F025,anomaly_flagging,2025-10-12 03:21:48,0.95,1495,accepted,False,False,True
T000841,U0228,F025,document_qa_assistant,2026-01-14 09:17:22,0.92,689,accepted,False,False,False
T000842,U0228,F025,anomaly_flagging,2025-11-12 06:46:22,0.93,1187,accepted,False,False,False
T000843,U0228,F025,variance_explanation,2025-10-31 03:21:34,0.82,796,accepted,False,False,False
T000844,U0234,F013,risk_summary_generator,2026-05-19 08:36:05,0.92,546,accepted,False,False,False
T000845,U0234,F013,anomaly_flagging,2026-04-26 02:27:11,0.99,2546,accepted,False,False,False
T000846,U0237,F001,workpaper_draft_assistant,2026-05-18 11:51:01,0.81,420,accepted,False,False,False
T000847,U0237,F001,document_qa_assistant,2026-05-21 18:14:15,0.75,1638,accepted,True,False,True
T000848,U0237,F001,anomaly_flagging,2026-05-28 17:04:41,0.85,1355,accepted,False,False,False
T000849,U0239,F025,risk_summary_generator,2026-06-12 06:22:36,0.88,605,edited,False,False,True
T000850,U0239,F025,anomaly_flagging,2026-02-26 02:26:31,0.76,3347,rejected,False,True,False
T000851,U0239,F025,risk_summary_generator,2026-06-21 14:22:55,0.99,3157,accepted,False,False,False
T000852,U0239,F025,anomaly_flagging,2026-06-15 23:34:09,0.89,916,rejected,False,False,False
T000853,U0239,F025,document_qa_assistant,2026-05-30 09:09:15,0.88,490,accepted,False,False,False
T000854,U0239,F025,workpaper_draft_assistant,2026-06-23 04:35:46,0.83,698,edited,False,False,False
T000855,U0239,F025,workpaper_draft_assistant,2026-05-21 10:51:57,0.95,1065,accepted,False,False,True
T000856,U0239,F025,variance_explanation,2026-05-03 13:36:11,0.98,1354,accepted,False,False,False
T000857,U0239,F025,anomaly_flagging,2026-04-12 15:51:26,0.95,486,edited,False,False,True
T000858,U0240,F002,risk_summary_generator,2025-09-08 23:37:55,0.84,2230,edited,False,False,True
T000859,U0240,F002,document_qa_assistant,2025-10-01 15:59:04,0.66,3625,accepted,False,False,False
T000860,U0240,F002,anomaly_flagging,2025-11-07 07:27:09,0.68,1456,accepted,False,False,True
T000861,U0240,F002,anomaly_flagging,2025-09-10 23:18:09,0.78,3503,edited,False,False,True
T000862,U0240,F002,risk_summary_generator,2025-12-01 14:04:26,0.7,584,edited,False,False,True
T000863,U0240,F002,variance_explanation,2025-10-18 12:55:00,0.98,444,accepted,False,False,True
T000864,U0240,F002,workpaper_draft_assistant,2025-12-04 02:28:00,0.8,661,accepted,False,False,False
T000865,U0240,F002,risk_summary_generator,2025-09-15 00:24:09,0.58,796,rejected,True,False,True
T000866,U0241,F010,variance_explanation,2026-02-16 22:57:43,0.58,752,accepted,True,False,True
T000867,U0241,F010,anomaly_flagging,2026-04-19 12:37:52,0.94,1928,accepted,False,False,True
T000868,U0241,F010,document_qa_assistant,2026-05-04 21:19:18,0.99,1213,accepted,False,False,False
T000869,U0241,F010,workpaper_draft_assistant,2026-05-03 01:18:59,0.99,821,accepted,False,False,False
T000870,U0241,F010,workpaper_draft_assistant,2026-05-01 02:26:59,0.83,510,edited,False,False,False
T000871,U0241,F010,anomaly_flagging,2026-03-17 16:00:53,0.86,879,accepted,False,False,True
T000872,U0241,F010,variance_explanation,2026-02-11 03:23:34,0.72,1424,accepted,False,False,True
T000873,U0241,F010,variance_explanation,2026-01-03 11:01:43,0.99,1985,accepted,False,False,True
T000874,U0241,F010,anomaly_flagging,2026-02-10 15:12:14,0.89,889,accepted,False,False,True
T000875,U0242,F021,document_qa_assistant,2026-06-07 05:56:56,0.99,713,edited,False,False,False
T000876,U0242,F021,workpaper_draft_assistant,2026-06-07 07:58:37,0.64,683,accepted,False,False,False
T000877,U0242,F021,document_qa_assistant,2026-06-11 16:44:01,0.73,416,edited,False,False,False
T000878,U0243,F010,variance_explanation,2026-05-06 21:37:17,0.74,1018,edited,False,False,False
T000879,U0243,F010,variance_explanation,2026-06-15 17:35:59,0.82,940,accepted,False,False,True
T000880,U0243,F010,document_qa_assistant,2026-06-07 01:52:02,0.82,658,edited,False,False,False
T000881,U0243,F010,risk_summary_generator,2026-03-23 05:23:14,0.77,759,accepted,False,False,True
T000882,U0243,F010,anomaly_flagging,2026-04-28 16:54:22,0.68,4886,edited,False,False,False
T000883,U0243,F010,variance_explanation,2026-06-09 14:33:29,0.79,3973,accepted,False,False,True
T000884,U0243,F010,variance_explanation,2026-04-06 22:41:05,0.94,492,accepted,False,False,True
T000885,U0243,F010,anomaly_flagging,2026-05-15 02:04:18,0.85,1310,accepted,False,False,True
T000886,U0243,F010,workpaper_draft_assistant,2026-06-25 01:06:50,0.83,1234,accepted,False,False,True
T000887,U0244,F003,variance_explanation,2025-11-01 14:25:49,0.96,799,accepted,False,False,False
T000888,U0244,F003,anomaly_flagging,2025-09-10 08:51:21,0.82,887,accepted,False,False,True
T000889,U0244,F003,workpaper_draft_assistant,2025-09-20 21:36:24,0.86,936,accepted,False,False,True
T000890,U0244,F003,anomaly_flagging,2025-07-01 05:27:46,0.58,2758,accepted,False,False,True
T000891,U0244,F003,risk_summary_generator,2025-08-06 01:52:11,0.69,597,accepted,False,False,True
T000892,U0244,F003,document_qa_assistant,2025-09-30 13:00:25,0.92,3313,accepted,False,False,True
T000893,U0244,F003,workpaper_draft_assistant,2025-09-16 12:01:12,0.57,936,accepted,False,False,True
T000894,U0245,F004,variance_explanation,2026-01-02 06:59:58,0.99,1898,edited,False,False,False
T000895,U0245,F004,workpaper_draft_assistant,2026-05-07 03:54:55,0.83,1110,accepted,False,False,False
T000896,U0245,F004,document_qa_assistant,2026-01-20 22:18:32,0.61,455,accepted,True,False,False
T000897,U0245,F004,variance_explanation,2026-03-09 05:43:49,0.67,858,edited,False,False,True
T000898,U0245,F004,workpaper_draft_assistant,2026-02-28 10:19:44,0.86,6530,accepted,False,False,False
T000899,U0245,F004,document_qa_assistant,2026-05-03 16:28:31,0.87,769,accepted,False,False,True
T000900,U0245,F004,workpaper_draft_assistant,2026-04-14 15:13:04,0.66,884,edited,False,False,False
T000901,U0246,F023,risk_summary_generator,2025-11-29 07:39:56,0.66,674,accepted,False,False,True
T000902,U0246,F023,anomaly_flagging,2025-09-27 02:08:20,0.71,2527,accepted,False,False,True
T000903,U0246,F023,document_qa_assistant,2025-12-30 04:35:29,0.94,707,accepted,True,False,False
T000904,U0246,F023,variance_explanation,2025-11-27 21:05:26,0.91,2010,accepted,False,False,True
T000905,U0246,F023,document_qa_assistant,2026-01-26 21:23:47,0.99,2333,accepted,False,False,False
T000906,U0246,F023,risk_summary_generator,2025-09-15 13:15:37,0.86,1961,accepted,False,False,True
T000907,U0246,F023,anomaly_flagging,2025-09-15 09:10:53,0.97,2971,accepted,False,False,False
