user_id,firm_id,step_name,step_timestamp,completed
U0001,F002,signup,2026-04-22 00:00:00,True
U0001,F002,first_login,2026-04-25 00:00:00,True
U0001,F002,first_real_usage,2026-04-28 01:40:28,True
U0001,F002,first_export,2026-04-29 04:35:47,True
U0002,F013,signup,2025-08-08 00:00:00,True
U0002,F013,first_login,2025-08-11 00:00:00,True
U0002,F013,first_real_usage,2025-09-15 00:17:41,True
U0002,F013,first_ai_use,2025-08-17 05:35:03,True
U0003,F021,signup,2026-05-27 00:00:00,True
U0003,F021,first_login,2026-05-28 00:00:00,True
U0003,F021,first_real_usage,2026-06-02 10:44:40,True
U0003,F021,first_ai_use,2026-06-20 00:56:00,True
U0003,F021,first_export,2026-06-07 09:21:21,True
U0004,F023,signup,2025-05-13 00:00:00,True
U0004,F023,first_login,2025-05-13 00:00:00,True
U0004,F023,first_real_usage,2025-05-28 16:33:29,True
U0004,F023,first_ai_use,2025-05-18 23:14:34,True
U0004,F023,first_export,2025-06-29 09:32:42,True
U0005,F025,signup,2025-10-30 00:00:00,True
U0006,F004,signup,2025-08-18 00:00:00,True
U0006,F004,first_login,2025-08-19 00:00:00,True
U0006,F004,first_real_usage,2025-08-31 22:33:25,True
U0007,F012,signup,2025-05-14 00:00:00,True
U0007,F012,first_login,2025-05-15 00:00:00,True
U0007,F012,first_real_usage,2025-07-04 17:48:59,True
U0007,F012,first_ai_use,2025-05-23 04:16:02,True
U0007,F012,first_export,2025-07-04 17:48:59,True
U0008,F022,signup,2025-10-27 00:00:00,True
U0008,F022,first_login,2025-11-01 00:00:00,True
U0008,F022,first_real_usage,2025-11-26 13:22:27,True
U0008,F022,first_ai_use,2025-12-13 01:13:44,True
U0008,F022,first_export,2026-01-31 02:12:16,True
U0009,F021,signup,2025-10-10 00:00:00,True
U0009,F021,first_login,2025-10-18 00:00:00,True
U0009,F021,first_real_usage,2025-10-28 01:50:29,True
U0009,F021,first_ai_use,2025-11-03 14:02:20,True
U0009,F021,first_export,2025-12-21 20:33:20,True
U0010,F006,signup,2026-05-11 00:00:00,True
U0010,F006,first_login,2026-05-18 00:00:00,True
U0010,F006,first_real_usage,2026-06-13 21:20:58,True
U0011,F021,signup,2026-04-26 00:00:00,True
U0011,F021,first_login,2026-04-28 00:00:00,True
U0011,F021,first_real_usage,2026-04-30 06:20:38,True
U0011,F021,first_ai_use,2026-05-02 02:31:43,True
U0011,F021,first_export,2026-05-14 00:32:27,True
U0012,F025,signup,2025-07-02 00:00:00,True
U0012,F025,first_login,2025-07-03 00:00:00,True
U0012,F025,first_real_usage,2025-07-03 17:26:21,True
U0012,F025,first_ai_use,2025-07-25 06:57:35,True
U0013,F011,signup,2026-02-21 00:00:00,True
U0013,F011,first_login,2026-02-24 00:00:00,True
U0013,F011,first_real_usage,2026-02-26 04:35:40,True
U0013,F011,first_ai_use,2026-02-25 01:54:40,True
U0013,F011,first_export,2026-02-26 04:35:40,True
U0014,F019,signup,2026-06-20 00:00:00,True
U0014,F019,first_login,2026-06-21 00:00:00,True
U0014,F019,first_real_usage,2026-06-21 00:16:47,True
U0014,F019,first_ai_use,2026-06-24 07:52:09,True
U0014,F019,first_export,2026-06-21 18:06:33,True
U0015,F016,signup,2025-10-01 00:00:00,True
U0015,F016,first_login,2025-10-03 00:00:00,True
U0015,F016,first_real_usage,2025-10-13 11:49:28,True
U0015,F016,first_export,2025-11-18 22:23:30,True
U0016,F009,signup,2025-05-07 00:00:00,True
U0016,F009,first_login,2025-05-13 00:00:00,True
U0016,F009,first_real_usage,2025-05-16 22:58:11,True
U0016,F009,first_export,2025-05-31 09:10:29,True
U0017,F018,signup,2025-11-09 00:00:00,True
U0017,F018,first_login,2025-11-10 00:00:00,True
U0017,F018,first_real_usage,2025-11-14 13:12:06,True
U0017,F018,first_ai_use,2025-11-19 20:56:36,True
U0017,F018,first_export,2025-11-14 13:12:06,True
U0018,F019,signup,2025-10-19 00:00:00,True
U0018,F019,first_login,2025-10-19 00:00:00,True
U0018,F019,first_real_usage,2025-10-23 01:23:40,True
U0018,F019,first_ai_use,2025-10-22 17:16:46,True
U0018,F019,first_export,2025-10-28 17:12:05,True
U0019,F005,signup,2026-03-10 00:00:00,True
U0019,F005,first_login,2026-03-11 00:00:00,True
U0019,F005,first_real_usage,2026-03-11 09:19:04,True
U0019,F005,first_export,2026-03-11 09:19:04,True
U0020,F002,signup,2025-04-29 00:00:00,True
U0020,F002,first_login,2025-04-29 00:00:00,True
U0020,F002,first_real_usage,2025-05-03 19:09:11,True
U0020,F002,first_ai_use,2025-05-01 21:37:37,True
U0021,F022,signup,2026-04-04 00:00:00,True
U0021,F022,first_login,2026-04-06 00:00:00,True
U0021,F022,first_real_usage,2026-04-07 05:11:54,True
U0021,F022,first_ai_use,2026-04-28 07:03:27,True
U0021,F022,first_export,2026-04-11 15:40:40,True
U0022,F013,signup,2026-04-30 00:00:00,True
U0022,F013,first_login,2026-05-04 00:00:00,True
U0022,F013,first_real_usage,2026-05-05 06:46:25,True
U0022,F013,first_export,2026-05-11 09:31:51,True
U0023,F018,signup,2025-07-03 00:00:00,True
U0023,F018,first_login,2025-07-05 00:00:00,True
U0023,F018,first_real_usage,2025-07-07 02:23:37,True
U0023,F018,first_ai_use,2025-07-15 07:54:45,True
U0023,F018,first_export,2025-07-07 02:23:37,True
U0024,F018,signup,2025-11-11 00:00:00,True
U0024,F018,first_login,2025-11-12 00:00:00,True
U0024,F018,first_real_usage,2025-11-30 02:10:52,True
U0024,F018,first_export,2025-11-30 02:10:52,True
U0025,F010,signup,2025-12-18 00:00:00,True
U0025,F010,first_login,2025-12-20 00:00:00,True
U0025,F010,first_real_usage,2026-01-13 05:48:05,True
U0026,F024,signup,2026-06-24 00:00:00,True
U0027,F025,signup,2025-09-03 00:00:00,True
U0028,F021,signup,2025-12-14 00:00:00,True
U0028,F021,first_login,2025-12-16 00:00:00,True
U0028,F021,first_real_usage,2025-12-18 03:54:49,True
U0028,F021,first_ai_use,2026-01-05 10:35:16,True
U0028,F021,first_export,2026-04-24 16:38:50,True
U0029,F007,signup,2025-07-06 00:00:00,True
U0029,F007,first_login,2025-07-08 00:00:00,True
U0029,F007,first_real_usage,2025-07-12 03:31:12,True
U0029,F007,first_export,2025-07-22 20:01:10,True
U0030,F018,signup,2026-03-26 00:00:00,True
U0030,F018,first_login,2026-03-27 00:00:00,True
U0030,F018,first_real_usage,2026-04-01 01:25:00,True
U0030,F018,first_ai_use,2026-03-28 16:51:01,True
U0030,F018,first_export,2026-04-01 01:25:00,True
U0031,F016,signup,2025-03-22 00:00:00,True
U0032,F010,signup,2025-09-09 00:00:00,True
U0032,F010,first_login,2025-09-09 00:00:00,True
U0032,F010,first_real_usage,2025-09-09 21:43:58,True
U0032,F010,first_export,2025-09-13 08:49:05,True
U0033,F019,signup,2025-05-08 00:00:00,True
U0033,F019,first_login,2025-05-15 00:00:00,True
U0033,F019,first_real_usage,2025-05-17 20:02:15,True
U0033,F019,first_export,2025-05-17 20:02:15,True
U0034,F003,signup,2026-03-28 00:00:00,True
U0034,F003,first_login,2026-03-31 00:00:00,True
U0034,F003,first_real_usage,2026-05-12 10:21:38,True
U0034,F003,first_export,2026-06-08 19:05:23,True
U0035,F005,signup,2026-05-26 00:00:00,True
U0036,F006,signup,2025-10-21 00:00:00,True
U0037,F014,signup,2025-08-04 00:00:00,True
U0037,F014,first_login,2025-08-05 00:00:00,True
U0037,F014,first_real_usage,2025-08-10 09:31:22,True
U0037,F014,first_export,2025-08-28 15:25:34,True
U0038,F023,signup,2025-07-19 00:00:00,True
U0038,F023,first_login,2025-07-21 00:00:00,True
U0038,F023,first_real_usage,2025-07-28 06:29:52,True
U0038,F023,first_export,2025-07-28 06:29:52,True
U0039,F022,signup,2026-02-13 00:00:00,True
U0040,F015,signup,2025-06-25 00:00:00,True
U0040,F015,first_login,2025-06-26 00:00:00,True
U0040,F015,first_real_usage,2025-06-30 03:40:24,True
U0040,F015,first_ai_use,2025-07-13 00:00:04,True
U0040,F015,first_export,2025-07-05 10:02:09,True
U0041,F011,signup,2025-01-28 00:00:00,True
U0041,F011,first_login,2025-01-29 00:00:00,True
U0041,F011,first_real_usage,2025-03-10 15:33:14,True
U0041,F011,first_ai_use,2025-01-31 05:45:50,True
U0041,F011,first_export,2025-03-17 06:22:35,True
U0042,F019,signup,2025-07-19 00:00:00,True
U0042,F019,first_login,2025-07-20 00:00:00,True
U0042,F019,first_real_usage,2025-08-08 13:42:23,True
U0042,F019,first_ai_use,2025-07-27 05:47:43,True
U0043,F021,signup,2025-08-14 00:00:00,True
U0043,F021,first_login,2025-08-15 00:00:00,True
U0043,F021,first_real_usage,2025-09-01 02:42:22,True
U0043,F021,first_export,2025-09-21 06:51:02,True
U0044,F002,signup,2025-12-11 00:00:00,True
U0044,F002,first_login,2025-12-14 00:00:00,True
U0044,F002,first_real_usage,2025-12-18 19:16:31,True
U0044,F002,first_ai_use,2025-12-30 02:15:16,True
U0044,F002,first_export,2026-01-28 03:53:46,True
U0045,F009,signup,2026-02-02 00:00:00,True
U0045,F009,first_login,2026-02-03 00:00:00,True
U0045,F009,first_real_usage,2026-02-04 06:14:23,True
U0045,F009,first_export,2026-02-04 06:14:23,True
U0046,F005,signup,2026-06-28 00:00:00,True
U0046,F005,first_login,2026-06-29 00:00:00,True
U0047,F008,signup,2026-05-07 00:00:00,True
U0047,F008,first_login,2026-05-09 00:00:00,True
U0047,F008,first_real_usage,2026-05-09 11:13:25,True
U0047,F008,first_ai_use,2026-05-18 12:35:30,True
U0047,F008,first_export,2026-05-09 11:13:25,True
U0048,F004,signup,2026-01-08 00:00:00,True
U0048,F004,first_login,2026-01-09 00:00:00,True
U0048,F004,first_real_usage,2026-01-14 12:29:27,True
U0048,F004,first_ai_use,2026-01-20 11:26:13,True
U0048,F004,first_export,2026-01-14 12:29:27,True
U0049,F014,signup,2025-12-13 00:00:00,True
U0049,F014,first_login,2025-12-16 00:00:00,True
U0049,F014,first_real_usage,2025-12-19 22:21:32,True
U0049,F014,first_ai_use,2025-12-25 08:33:35,True
U0050,F021,signup,2025-09-03 00:00:00,True
U0050,F021,first_login,2025-09-04 00:00:00,True
U0050,F021,first_real_usage,2025-10-17 04:52:36,True
U0050,F021,first_ai_use,2025-09-07 04:31:33,True
U0050,F021,first_export,2025-12-01 10:49:46,True
U0051,F011,signup,2025-04-28 00:00:00,True
U0051,F011,first_login,2025-05-01 00:00:00,True
U0051,F011,first_real_usage,2025-05-05 17:38:38,True
U0051,F011,first_export,2025-05-16 08:01:45,True
U0052,F018,signup,2026-02-12 00:00:00,True
U0052,F018,first_login,2026-02-13 00:00:00,True
U0052,F018,first_real_usage,2026-02-13 03:23:28,True
U0052,F018,first_ai_use,2026-02-23 20:08:56,True
U0052,F018,first_export,2026-03-23 14:59:23,True
U0053,F009,signup,2025-10-19 00:00:00,True
U0054,F003,signup,2025-10-16 00:00:00,True
U0054,F003,first_login,2025-10-18 00:00:00,True
U0054,F003,first_real_usage,2025-10-18 04:59:44,True
U0054,F003,first_export,2025-10-19 08:42:50,True
U0055,F021,signup,2026-04-17 00:00:00,True
U0056,F025,signup,2025-10-03 00:00:00,True
U0056,F025,first_login,2025-10-08 00:00:00,True
U0056,F025,first_real_usage,2025-10-08 08:54:13,True
U0056,F025,first_ai_use,2025-10-28 02:48:53,True
U0056,F025,first_export,2025-10-24 13:06:42,True
U0057,F016,signup,2025-06-30 00:00:00,True
U0058,F006,signup,2026-02-15 00:00:00,True
U0059,F009,signup,2026-06-14 00:00:00,True
U0059,F009,first_login,2026-06-18 00:00:00,True
U0059,F009,first_real_usage,2026-06-18 13:25:54,True
U0059,F009,first_export,2026-06-18 14:35:50,True
U0060,F023,signup,2026-04-17 00:00:00,True
U0060,F023,first_login,2026-04-19 00:00:00,True
U0060,F023,first_real_usage,2026-04-22 05:11:01,True
U0060,F023,first_export,2026-05-15 17:54:51,True
U0061,F016,signup,2025-05-31 00:00:00,True
U0061,F016,first_login,2025-06-04 00:00:00,True
U0061,F016,first_real_usage,2025-07-12 07:22:49,True
U0061,F016,first_export,2025-07-12 07:22:49,True
U0062,F002,signup,2025-03-10 00:00:00,True
U0062,F002,first_login,2025-03-11 00:00:00,True
U0062,F002,first_real_usage,2025-03-16 07:49:43,True
U0062,F002,first_ai_use,2025-04-11 19:12:54,True
U0063,F019,signup,2025-11-28 00:00:00,True
U0064,F017,signup,2025-10-02 00:00:00,True
U0065,F003,signup,2026-05-13 00:00:00,True
U0065,F003,first_login,2026-05-15 00:00:00,True
U0065,F003,first_real_usage,2026-05-15 02:14:43,True
U0065,F003,first_ai_use,2026-06-26 04:23:52,True
U0065,F003,first_export,2026-05-22 01:33:16,True
U0066,F003,signup,2026-02-12 00:00:00,True
U0066,F003,first_login,2026-02-15 00:00:00,True
U0066,F003,first_real_usage,2026-02-15 01:45:10,True
U0066,F003,first_ai_use,2026-02-23 15:42:27,True
U0066,F003,first_export,2026-03-19 06:28:12,True
U0067,F019,signup,2025-08-02 00:00:00,True
U0067,F019,first_login,2025-08-03 00:00:00,True
U0067,F019,first_real_usage,2025-08-09 01:48:25,True
U0067,F019,first_export,2025-08-09 12:03:17,True
U0068,F020,signup,2025-03-22 00:00:00,True
U0068,F020,first_login,2025-03-26 00:00:00,True
U0068,F020,first_real_usage,2025-04-08 07:32:05,True
U0068,F020,first_ai_use,2025-04-19 08:27:23,True
U0068,F020,first_export,2025-04-08 07:32:05,True
U0069,F019,signup,2025-12-21 00:00:00,True
U0070,F007,signup,2026-03-27 00:00:00,True
U0070,F007,first_login,2026-04-08 00:00:00,True
U0070,F007,first_real_usage,2026-04-12 18:16:51,True
U0070,F007,first_ai_use,2026-04-15 21:47:12,True
U0070,F007,first_export,2026-04-15 14:05:38,True
U0071,F013,signup,2025-09-04 00:00:00,True
U0071,F013,first_login,2025-09-05 00:00:00,True
U0071,F013,first_real_usage,2025-10-03 18:45:37,True
U0072,F011,signup,2025-03-22 00:00:00,True
U0072,F011,first_login,2025-04-01 00:00:00,True
U0072,F011,first_real_usage,2025-04-02 14:04:27,True
U0072,F011,first_ai_use,2025-04-03 08:57:12,True
U0072,F011,first_export,2025-04-13 02:05:53,True
U0073,F019,signup,2025-05-19 00:00:00,True
U0073,F019,first_login,2025-05-25 00:00:00,True
U0073,F019,first_real_usage,2025-06-01 04:49:02,True
U0073,F019,first_ai_use,2025-06-18 07:58:15,True
U0073,F019,first_export,2025-06-03 00:18:29,True
U0074,F017,signup,2025-11-26 00:00:00,True
U0075,F003,signup,2026-05-28 00:00:00,True
U0075,F003,first_login,2026-05-31 00:00:00,True
U0075,F003,first_real_usage,2026-06-03 00:16:03,True
U0075,F003,first_ai_use,2026-06-07 10:35:32,True
U0075,F003,first_export,2026-06-09 18:57:21,True
U0076,F006,signup,2026-04-16 00:00:00,True
U0076,F006,first_login,2026-04-22 00:00:00,True
U0076,F006,first_real_usage,2026-04-29 21:50:47,True
U0077,F020,signup,2026-06-27 00:00:00,True
U0077,F020,first_login,2026-07-04 00:00:00,True
U0078,F022,signup,2025-11-29 00:00:00,True
U0079,F005,signup,2025-11-05 00:00:00,True
U0080,F024,signup,2026-01-10 00:00:00,True
U0080,F024,first_login,2026-01-13 00:00:00,True
U0080,F024,first_real_usage,2026-02-25 23:56:34,True
U0080,F024,first_ai_use,2026-03-04 05:42:57,True
U0080,F024,first_export,2026-02-28 12:13:12,True
U0081,F020,signup,2025-05-27 00:00:00,True
U0081,F020,first_login,2025-05-28 00:00:00,True
U0081,F020,first_real_usage,2025-06-06 17:11:34,True
U0081,F020,first_ai_use,2025-06-24 16:27:59,True
U0081,F020,first_export,2025-08-03 10:51:46,True
U0082,F021,signup,2025-11-27 00:00:00,True
U0082,F021,first_login,2025-12-08 00:00:00,True
U0082,F021,first_real_usage,2025-12-10 10:57:47,True
U0082,F021,first_ai_use,2025-12-09 09:45:46,True
U0082,F021,first_export,2025-12-20 04:12:56,True
U0083,F002,signup,2025-04-11 00:00:00,True
U0083,F002,first_login,2025-04-13 00:00:00,True
U0083,F002,first_real_usage,2025-04-21 22:40:31,True
U0083,F002,first_ai_use,2025-05-07 02:13:29,True
U0083,F002,first_export,2025-04-26 03:49:11,True
U0084,F009,signup,2025-03-19 00:00:00,True
U0084,F009,first_login,2025-03-20 00:00:00,True
U0084,F009,first_real_usage,2025-03-23 18:07:19,True
U0084,F009,first_ai_use,2025-04-02 04:59:13,True
U0085,F005,signup,2026-05-15 00:00:00,True
U0085,F005,first_login,2026-05-15 00:00:00,True
U0085,F005,first_real_usage,2026-05-16 10:34:45,True
U0085,F005,first_ai_use,2026-06-04 22:02:28,True
U0085,F005,first_export,2026-05-16 10:34:45,True
U0086,F015,signup,2026-02-01 00:00:00,True
U0086,F015,first_login,2026-02-03 00:00:00,True
U0086,F015,first_real_usage,2026-02-10 04:45:25,True
U0086,F015,first_ai_use,2026-02-05 07:07:48,True
U0086,F015,first_export,2026-02-10 04:45:25,True
U0087,F004,signup,2025-03-15 00:00:00,True
U0087,F004,first_login,2025-03-16 00:00:00,True
U0087,F004,first_real_usage,2025-04-12 00:25:26,True
U0087,F004,first_ai_use,2025-03-20 12:06:43,True
U0087,F004,first_export,2026-03-21 20:34:17,True
U0088,F012,signup,2025-12-15 00:00:00,True
U0088,F012,first_login,2025-12-19 00:00:00,True
U0088,F012,first_real_usage,2025-12-22 18:27:24,True
U0089,F005,signup,2025-07-14 00:00:00,True
U0089,F005,first_login,2025-07-16 00:00:00,True
U0089,F005,first_real_usage,2025-07-18 03:44:13,True
U0089,F005,first_export,2025-08-25 04:19:19,True
U0090,F002,signup,2026-01-08 00:00:00,True
U0090,F002,first_login,2026-01-11 00:00:00,True
U0090,F002,first_real_usage,2026-01-20 20:17:04,True
U0090,F002,first_ai_use,2026-01-11 11:19:44,True
U0090,F002,first_export,2026-03-29 18:30:28,True
U0091,F022,signup,2025-05-12 00:00:00,True
U0091,F022,first_login,2025-05-15 00:00:00,True
U0091,F022,first_real_usage,2025-05-15 19:01:55,True
U0091,F022,first_export,2025-05-15 19:01:55,True
U0092,F014,signup,2026-03-01 00:00:00,True
U0093,F008,signup,2025-06-23 00:00:00,True
U0094,F001,signup,2025-09-12 00:00:00,True
U0094,F001,first_login,2025-09-14 00:00:00,True
U0094,F001,first_real_usage,2025-09-19 15:36:05,True
U0094,F001,first_export,2025-09-19 15:36:05,True
U0095,F014,signup,2026-06-02 00:00:00,True
U0095,F014,first_login,2026-06-05 00:00:00,True
U0095,F014,first_real_usage,2026-06-06 04:10:36,True
U0096,F023,signup,2025-06-02 00:00:00,True
U0097,F016,signup,2025-07-04 00:00:00,True
U0097,F016,first_login,2025-07-05 00:00:00,True
U0097,F016,first_real_usage,2025-07-05 22:49:33,True
U0097,F016,first_ai_use,2025-08-03 18:49:28,True
U0097,F016,first_export,2025-07-22 14:14:08,True
U0098,F015,signup,2025-10-21 00:00:00,True
U0098,F015,first_login,2025-10-24 00:00:00,True
U0098,F015,first_real_usage,2025-11-10 07:02:42,True
U0098,F015,first_ai_use,2025-11-16 11:15:37,True
U0098,F015,first_export,2025-11-10 07:02:42,True
U0099,F008,signup,2025-08-24 00:00:00,True
U0099,F008,first_login,2025-08-24 00:00:00,True
U0099,F008,first_real_usage,2025-09-11 17:36:13,True
U0099,F008,first_ai_use,2025-09-17 14:06:40,True
U0099,F008,first_export,2025-09-11 17:36:13,True
U0100,F013,signup,2025-12-14 00:00:00,True
U0101,F025,signup,2025-10-24 00:00:00,True
U0101,F025,first_login,2025-10-25 00:00:00,True
U0101,F025,first_real_usage,2025-10-25 18:16:16,True
U0101,F025,first_ai_use,2025-11-07 11:01:48,True
U0101,F025,first_export,2025-11-20 18:51:20,True
U0102,F013,signup,2026-06-11 00:00:00,True
U0102,F013,first_login,2026-06-15 00:00:00,True
U0102,F013,first_real_usage,2026-06-15 07:22:02,True
U0102,F013,first_ai_use,2026-06-19 16:15:59,True
U0102,F013,first_export,2026-06-16 20:50:08,True
U0103,F001,signup,2025-08-11 00:00:00,True
U0103,F001,first_login,2025-08-12 00:00:00,True
U0103,F001,first_real_usage,2025-08-14 03:18:59,True
U0103,F001,first_ai_use,2025-08-21 19:20:34,True
U0103,F001,first_export,2025-10-02 07:48:29,True
U0104,F009,signup,2025-03-16 00:00:00,True
U0104,F009,first_login,2025-03-18 00:00:00,True
U0104,F009,first_real_usage,2025-03-20 09:30:23,True
U0104,F009,first_export,2025-06-25 16:33:26,True
U0105,F012,signup,2026-02-28 00:00:00,True
U0105,F012,first_login,2026-02-28 00:00:00,True
U0105,F012,first_real_usage,2026-03-01 09:35:17,True
U0105,F012,first_ai_use,2026-04-12 14:12:06,True
U0105,F012,first_export,2026-03-15 02:51:27,True
U0106,F017,signup,2025-09-11 00:00:00,True
U0107,F007,signup,2025-08-27 00:00:00,True
U0107,F007,first_login,2025-08-28 00:00:00,True
U0107,F007,first_real_usage,2025-08-31 19:42:52,True
U0107,F007,first_export,2025-09-27 07:50:41,True
U0108,F001,signup,2026-03-06 00:00:00,True
U0108,F001,first_login,2026-03-08 00:00:00,True
U0108,F001,first_real_usage,2026-03-18 05:53:53,True
U0108,F001,first_export,2026-04-28 02:35:51,True
U0109,F024,signup,2026-04-14 00:00:00,True
U0109,F024,first_login,2026-04-19 00:00:00,True
U0109,F024,first_real_usage,2026-04-20 00:00:12,True
U0109,F024,first_ai_use,2026-05-22 13:46:41,True
U0109,F024,first_export,2026-05-08 11:03:09,True
U0110,F003,signup,2026-02-07 00:00:00,True
U0110,F003,first_login,2026-02-07 00:00:00,True
U0110,F003,first_real_usage,2026-03-20 00:42:22,True
U0110,F003,first_ai_use,2026-03-07 20:46:48,True
U0110,F003,first_export,2026-04-16 00:48:20,True
U0111,F022,signup,2025-06-03 00:00:00,True
U0111,F022,first_login,2025-06-06 00:00:00,True
U0111,F022,first_real_usage,2025-06-08 19:46:37,True
U0111,F022,first_ai_use,2025-06-29 13:28:55,True
U0111,F022,first_export,2025-06-08 19:46:37,True
U0112,F022,signup,2026-03-21 00:00:00,True
U0112,F022,first_login,2026-03-22 00:00:00,True
U0112,F022,first_real_usage,2026-03-23 01:31:44,True
U0112,F022,first_ai_use,2026-03-30 14:47:40,True
U0112,F022,first_export,2026-03-23 01:31:44,True
U0113,F010,signup,2026-02-17 00:00:00,True
U0113,F010,first_login,2026-02-18 00:00:00,True
U0113,F010,first_real_usage,2026-02-19 10:56:05,True
U0113,F010,first_export,2026-03-04 22:27:42,True
U0114,F022,signup,2026-02-19 00:00:00,True
U0114,F022,first_login,2026-02-19 00:00:00,True
U0114,F022,first_real_usage,2026-02-19 23:04:44,True
U0114,F022,first_ai_use,2026-02-28 05:05:52,True
U0114,F022,first_export,2026-03-16 23:44:51,True
U0115,F010,signup,2025-12-03 00:00:00,True
U0115,F010,first_login,2025-12-06 00:00:00,True
U0115,F010,first_real_usage,2025-12-09 12:29:53,True
U0115,F010,first_ai_use,2025-12-09 19:04:57,True
U0115,F010,first_export,2026-02-22 16:23:10,True
U0116,F010,signup,2025-10-03 00:00:00,True
U0116,F010,first_login,2025-10-04 00:00:00,True
U0116,F010,first_real_usage,2025-10-06 10:38:57,True
U0116,F010,first_ai_use,2025-10-06 21:10:46,True
U0116,F010,first_export,2025-10-25 02:11:18,True
U0117,F019,signup,2026-02-02 00:00:00,True
U0117,F019,first_login,2026-02-05 00:00:00,True
U0117,F019,first_real_usage,2026-02-10 01:26:50,True
U0117,F019,first_ai_use,2026-02-05 09:09:57,True
U0117,F019,first_export,2026-02-12 20:12:17,True
U0118,F015,signup,2025-12-07 00:00:00,True
U0118,F015,first_login,2025-12-07 00:00:00,True
U0118,F015,first_real_usage,2025-12-17 08:56:47,True
U0118,F015,first_ai_use,2026-01-13 11:08:58,True
U0118,F015,first_export,2025-12-17 08:56:47,True
U0119,F024,signup,2025-06-27 00:00:00,True
U0119,F024,first_login,2025-06-28 00:00:00,True
U0119,F024,first_real_usage,2025-07-04 16:41:55,True
U0120,F017,signup,2026-06-18 00:00:00,True
U0120,F017,first_login,2026-06-20 00:00:00,True
U0120,F017,first_real_usage,2026-06-20 03:57:52,True
U0120,F017,first_export,2026-06-22 10:21:14,True
U0121,F003,signup,2026-04-27 00:00:00,True
U0121,F003,first_login,2026-05-03 00:00:00,True
U0121,F003,first_real_usage,2026-05-05 12:09:10,True
U0121,F003,first_ai_use,2026-05-08 05:06:51,True
U0121,F003,first_export,2026-05-10 00:52:23,True
U0122,F008,signup,2025-07-30 00:00:00,True
U0122,F008,first_login,2025-08-01 00:00:00,True
U0122,F008,first_real_usage,2025-10-09 17:31:50,True
U0122,F008,first_export,2025-10-09 17:31:50,True
U0123,F008,signup,2026-05-09 00:00:00,True
U0123,F008,first_login,2026-05-13 00:00:00,True
U0123,F008,first_real_usage,2026-05-14 07:34:57,True
U0123,F008,first_export,2026-06-17 19:30:39,True
U0124,F003,signup,2025-10-23 00:00:00,True
U0125,F019,signup,2025-07-06 00:00:00,True
U0125,F019,first_login,2025-07-18 00:00:00,True
U0125,F019,first_real_usage,2025-07-22 05:26:09,True
U0125,F019,first_ai_use,2025-10-31 15:33:31,True
U0126,F008,signup,2025-06-08 00:00:00,True
U0126,F008,first_login,2025-06-14 00:00:00,True
U0126,F008,first_real_usage,2025-07-03 07:21:29,True
U0126,F008,first_ai_use,2025-07-02 15:41:25,True
U0126,F008,first_export,2025-07-03 07:21:29,True
U0127,F025,signup,2025-07-28 00:00:00,True
U0127,F025,first_login,2025-07-28 00:00:00,True
U0127,F025,first_real_usage,2025-07-31 00:08:58,True
U0127,F025,first_export,2025-07-31 00:08:58,True
U0128,F023,signup,2025-12-29 00:00:00,True
U0128,F023,first_login,2026-01-01 00:00:00,True
U0128,F023,first_real_usage,2026-01-12 21:38:14,True
U0128,F023,first_ai_use,2026-01-11 04:38:08,True
U0128,F023,first_export,2026-01-21 16:57:19,True
U0129,F008,signup,2025-05-12 00:00:00,True
U0129,F008,first_login,2025-05-17 00:00:00,True
U0129,F008,first_real_usage,2025-06-19 12:24:18,True
U0129,F008,first_ai_use,2025-06-14 16:38:13,True
U0129,F008,first_export,2025-06-19 12:24:18,True
U0130,F015,signup,2026-04-01 00:00:00,True
U0131,F020,signup,2025-07-21 00:00:00,True
U0131,F020,first_login,2025-07-23 00:00:00,True
U0131,F020,first_real_usage,2025-07-26 21:02:31,True
U0131,F020,first_export,2025-07-31 05:14:33,True
U0132,F024,signup,2025-12-16 00:00:00,True
U0132,F024,first_login,2025-12-17 00:00:00,True
U0132,F024,first_real_usage,2025-12-20 04:03:41,True
U0132,F024,first_ai_use,2025-12-24 17:07:49,True
U0132,F024,first_export,2025-12-30 12:30:29,True
U0133,F018,signup,2026-02-11 00:00:00,True
U0133,F018,first_login,2026-02-14 00:00:00,True
U0133,F018,first_real_usage,2026-02-16 00:18:30,True
U0133,F018,first_export,2026-02-17 10:30:52,True
U0134,F016,signup,2025-10-29 00:00:00,True
U0134,F016,first_login,2025-10-29 00:00:00,True
U0134,F016,first_real_usage,2025-10-31 13:59:13,True
U0134,F016,first_ai_use,2025-11-01 05:12:17,True
U0134,F016,first_export,2025-10-31 13:59:13,True
U0135,F021,signup,2025-12-03 00:00:00,True
U0135,F021,first_login,2025-12-07 00:00:00,True
U0135,F021,first_real_usage,2025-12-08 06:31:56,True
U0135,F021,first_ai_use,2025-12-09 20:49:44,True
U0135,F021,first_export,2025-12-11 17:09:23,True
U0136,F008,signup,2025-10-16 00:00:00,True
U0136,F008,first_login,2025-10-18 00:00:00,True
U0136,F008,first_real_usage,2025-10-22 21:42:34,True
U0136,F008,first_ai_use,2025-11-21 10:55:20,True
U0137,F010,signup,2025-09-07 00:00:00,True
U0137,F010,first_login,2025-09-11 00:00:00,True
U0137,F010,first_real_usage,2026-02-12 12:39:53,True
U0137,F010,first_ai_use,2025-09-13 23:11:00,True
U0137,F010,first_export,2026-06-23 08:34:45,True
U0138,F018,signup,2025-08-08 00:00:00,True
U0138,F018,first_login,2025-08-08 00:00:00,True
U0138,F018,first_real_usage,2025-09-12 01:55:55,True
U0138,F018,first_export,2025-10-11 07:59:00,True
U0139,F013,signup,2026-06-19 00:00:00,True
U0139,F013,first_login,2026-06-20 00:00:00,True
U0139,F013,first_real_usage,2026-06-26 23:28:43,True
U0139,F013,first_export,2026-06-26 23:28:43,True
U0140,F003,signup,2025-10-02 00:00:00,True
U0140,F003,first_login,2025-10-02 00:00:00,True
U0140,F003,first_real_usage,2025-10-08 14:48:16,True
U0140,F003,first_ai_use,2025-10-23 00:28:14,True
U0140,F003,first_export,2025-12-23 16:43:19,True
U0141,F015,signup,2025-11-23 00:00:00,True
U0141,F015,first_login,2025-11-24 00:00:00,True
U0141,F015,first_real_usage,2025-11-24 22:50:22,True
U0141,F015,first_export,2025-11-29 13:29:11,True
U0142,F014,signup,2025-11-03 00:00:00,True
U0143,F001,signup,2026-04-03 00:00:00,True
U0143,F001,first_login,2026-04-04 00:00:00,True
U0143,F001,first_real_usage,2026-04-08 10:47:54,True
U0143,F001,first_ai_use,2026-04-14 12:38:41,True
U0143,F001,first_export,2026-04-10 04:02:24,True
U0144,F012,signup,2025-07-22 00:00:00,True
U0145,F014,signup,2026-01-18 00:00:00,True
U0145,F014,first_login,2026-01-21 00:00:00,True
U0145,F014,first_real_usage,2026-03-03 12:50:30,True
U0145,F014,first_ai_use,2026-02-24 14:01:34,True
U0146,F008,signup,2026-05-22 00:00:00,True
U0146,F008,first_login,2026-05-24 00:00:00,True
U0146,F008,first_real_usage,2026-05-27 17:07:05,True
U0146,F008,first_ai_use,2026-05-27 10:48:21,True
U0146,F008,first_export,2026-05-27 17:07:05,True
U0147,F016,signup,2025-03-27 00:00:00,True
U0147,F016,first_login,2025-03-27 00:00:00,True
U0147,F016,first_real_usage,2025-04-06 10:36:49,True
U0147,F016,first_export,2025-11-09 23:28:20,True
U0148,F022,signup,2026-03-17 00:00:00,True
U0148,F022,first_login,2026-03-17 00:00:00,True
U0148,F022,first_real_usage,2026-04-04 12:51:24,True
U0148,F022,first_ai_use,2026-04-12 21:59:39,True
U0148,F022,first_export,2026-05-14 11:04:16,True
U0149,F005,signup,2026-05-07 00:00:00,True
U0149,F005,first_login,2026-05-09 00:00:00,True
U0149,F005,first_real_usage,2026-05-16 00:54:26,True
U0149,F005,first_ai_use,2026-06-21 00:48:18,True
U0149,F005,first_export,2026-05-17 16:03:08,True
U0150,F013,signup,2026-04-28 00:00:00,True
U0150,F013,first_login,2026-04-29 00:00:00,True
U0150,F013,first_real_usage,2026-04-30 14:37:22,True
U0150,F013,first_export,2026-05-11 00:49:15,True
U0151,F003,signup,2026-01-27 00:00:00,True
U0151,F003,first_login,2026-02-08 00:00:00,True
U0151,F003,first_real_usage,2026-04-23 20:09:56,True
U0151,F003,first_ai_use,2026-02-09 22:11:40,True
U0151,F003,first_export,2026-04-26 21:18:24,True
U0152,F015,signup,2025-07-27 00:00:00,True
U0152,F015,first_login,2025-07-27 00:00:00,True
U0152,F015,first_real_usage,2025-07-27 05:19:14,True
U0152,F015,first_ai_use,2025-08-11 20:17:03,True
U0152,F015,first_export,2025-08-03 02:25:45,True
U0153,F011,signup,2025-08-11 00:00:00,True
U0153,F011,first_login,2025-08-16 00:00:00,True
U0153,F011,first_real_usage,2025-09-05 01:55:32,True
U0153,F011,first_export,2025-09-19 13:08:58,True
U0154,F025,signup,2025-12-15 00:00:00,True
U0154,F025,first_login,2025-12-17 00:00:00,True
U0154,F025,first_real_usage,2025-12-26 18:42:33,True
U0154,F025,first_ai_use,2025-12-26 19:34:22,True
U0154,F025,first_export,2026-01-14 06:51:36,True
U0155,F014,signup,2025-08-25 00:00:00,True
U0155,F014,first_login,2025-08-25 00:00:00,True
U0155,F014,first_real_usage,2025-08-28 04:46:40,True
U0155,F014,first_export,2025-08-28 04:46:40,True
U0156,F024,signup,2026-01-03 00:00:00,True
U0157,F012,signup,2025-06-14 00:00:00,True
U0157,F012,first_login,2025-06-15 00:00:00,True
U0157,F012,first_real_usage,2025-06-29 04:19:04,True
U0157,F012,first_ai_use,2025-07-10 18:55:36,True
U0157,F012,first_export,2025-07-18 10:58:57,True
U0158,F021,signup,2025-08-04 00:00:00,True
U0159,F007,signup,2026-06-22 00:00:00,True
U0159,F007,first_login,2026-06-24 00:00:00,True
U0159,F007,first_real_usage,2026-06-24 03:18:18,True
U0160,F008,signup,2025-05-17 00:00:00,True
U0160,F008,first_login,2025-05-21 00:00:00,True
U0160,F008,first_real_usage,2025-06-10 18:13:39,True
U0160,F008,first_export,2025-08-28 22:19:01,True
U0161,F019,signup,2025-07-18 00:00:00,True
U0161,F019,first_login,2025-07-27 00:00:00,True
U0161,F019,first_real_usage,2025-08-03 19:15:15,True
U0161,F019,first_ai_use,2025-08-07 05:40:37,True
U0161,F019,first_export,2025-08-03 19:15:15,True
U0162,F025,signup,2025-12-09 00:00:00,True
U0162,F025,first_login,2025-12-15 00:00:00,True
U0162,F025,first_real_usage,2025-12-17 17:19:07,True
U0162,F025,first_ai_use,2025-12-24 17:04:27,True
U0162,F025,first_export,2025-12-17 17:19:07,True
U0163,F024,signup,2026-04-04 00:00:00,True
U0163,F024,first_login,2026-04-09 00:00:00,True
U0163,F024,first_real_usage,2026-04-11 01:09:01,True
U0163,F024,first_export,2026-04-12 06:31:14,True
U0164,F006,signup,2025-12-07 00:00:00,True
U0164,F006,first_login,2025-12-09 00:00:00,True
U0164,F006,first_real_usage,2025-12-19 02:23:05,True
U0164,F006,first_export,2026-01-17 04:10:03,True
U0165,F010,signup,2026-02-28 00:00:00,True
U0165,F010,first_login,2026-03-05 00:00:00,True
U0165,F010,first_real_usage,2026-03-12 19:00:54,True
U0165,F010,first_ai_use,2026-03-11 16:02:21,True
U0165,F010,first_export,2026-03-13 20:37:22,True
U0166,F023,signup,2025-07-18 00:00:00,True
U0166,F023,first_login,2025-07-21 00:00:00,True
U0166,F023,first_real_usage,2025-08-20 14:46:37,True
U0166,F023,first_ai_use,2025-07-26 23:37:27,True
U0166,F023,first_export,2025-08-20 14:46:37,True
U0167,F021,signup,2025-11-16 00:00:00,True
U0167,F021,first_login,2025-11-19 00:00:00,True
U0167,F021,first_real_usage,2025-11-19 09:24:28,True
U0167,F021,first_export,2025-11-27 04:58:02,True
U0168,F010,signup,2026-04-25 00:00:00,True
U0168,F010,first_login,2026-04-26 00:00:00,True
U0168,F010,first_real_usage,2026-05-07 08:40:05,True
U0168,F010,first_ai_use,2026-06-27 07:53:57,True
U0168,F010,first_export,2026-05-10 20:47:18,True
U0169,F019,signup,2026-05-03 00:00:00,True
U0169,F019,first_login,2026-05-04 00:00:00,True
U0169,F019,first_real_usage,2026-05-05 23:29:53,True
U0169,F019,first_ai_use,2026-06-11 14:58:28,True
U0169,F019,first_export,2026-05-05 23:29:53,True
U0170,F014,signup,2026-03-22 00:00:00,True
U0170,F014,first_login,2026-03-25 00:00:00,True
U0170,F014,first_real_usage,2026-04-11 02:54:58,True
U0171,F021,signup,2026-01-05 00:00:00,True
U0171,F021,first_login,2026-01-08 00:00:00,True
U0171,F021,first_real_usage,2026-01-08 14:35:15,True
U0171,F021,first_export,2026-02-05 05:44:46,True
U0172,F016,signup,2025-05-06 00:00:00,True
U0173,F021,signup,2026-03-07 00:00:00,True
U0173,F021,first_login,2026-03-08 00:00:00,True
U0173,F021,first_real_usage,2026-03-09 19:08:42,True
U0173,F021,first_ai_use,2026-03-17 03:32:02,True
U0173,F021,first_export,2026-03-27 03:14:33,True
U0174,F024,signup,2025-12-25 00:00:00,True
U0174,F024,first_login,2025-12-28 00:00:00,True
U0174,F024,first_real_usage,2026-02-14 09:41:31,True
U0175,F018,signup,2026-03-02 00:00:00,True
U0175,F018,first_login,2026-03-03 00:00:00,True
U0175,F018,first_real_usage,2026-03-12 01:02:51,True
U0175,F018,first_ai_use,2026-03-24 12:54:52,True
U0175,F018,first_export,2026-03-14 14:52:26,True
U0176,F024,signup,2026-01-30 00:00:00,True
U0176,F024,first_login,2026-01-30 00:00:00,True
U0176,F024,first_real_usage,2026-01-31 17:04:17,True
U0176,F024,first_export,2026-03-20 15:24:41,True
U0177,F008,signup,2025-04-06 00:00:00,True
U0178,F008,signup,2026-04-28 00:00:00,True
U0178,F008,first_login,2026-05-01 00:00:00,True
U0178,F008,first_real_usage,2026-05-01 19:09:05,True
U0178,F008,first_export,2026-05-10 01:59:12,True
U0179,F013,signup,2025-12-18 00:00:00,True
U0179,F013,first_login,2025-12-20 00:00:00,True
U0179,F013,first_real_usage,2025-12-26 23:26:03,True
U0179,F013,first_ai_use,2025-12-22 20:53:09,True
U0179,F013,first_export,2026-02-28 21:55:43,True
U0180,F011,signup,2025-07-12 00:00:00,True
U0180,F011,first_login,2025-07-16 00:00:00,True
U0180,F011,first_real_usage,2025-07-26 07:34:52,True
U0180,F011,first_export,2025-07-26 07:34:52,True
U0181,F009,signup,2025-08-18 00:00:00,True
U0182,F023,signup,2025-08-27 00:00:00,True
U0182,F023,first_login,2025-08-30 00:00:00,True
U0182,F023,first_real_usage,2025-09-19 18:41:24,True
U0182,F023,first_ai_use,2025-09-14 16:06:41,True
U0182,F023,first_export,2025-12-22 23:34:43,True
U0183,F007,signup,2025-06-01 00:00:00,True
U0183,F007,first_login,2025-06-03 00:00:00,True
U0183,F007,first_real_usage,2025-06-09 06:15:09,True
U0183,F007,first_ai_use,2025-06-22 06:51:07,True
U0183,F007,first_export,2025-06-12 00:12:46,True
U0184,F016,signup,2025-12-22 00:00:00,True
U0184,F016,first_login,2025-12-25 00:00:00,True
U0184,F016,first_real_usage,2026-01-10 09:45:07,True
U0185,F021,signup,2026-03-23 00:00:00,True
U0185,F021,first_login,2026-03-24 00:00:00,True
U0185,F021,first_real_usage,2026-03-26 13:03:46,True
U0185,F021,first_export,2026-03-26 13:03:46,True
U0186,F003,signup,2025-08-01 00:00:00,True
U0186,F003,first_login,2025-08-03 00:00:00,True
U0186,F003,first_real_usage,2025-08-06 08:55:54,True
U0186,F003,first_export,2025-09-22 05:37:03,True
U0187,F008,signup,2025-11-17 00:00:00,True
U0187,F008,first_login,2025-11-19 00:00:00,True
U0187,F008,first_real_usage,2025-11-26 16:06:49,True
U0187,F008,first_ai_use,2025-12-27 14:32:32,True
U0187,F008,first_export,2026-03-04 14:54:08,True
U0188,F018,signup,2026-03-26 00:00:00,True
U0188,F018,first_login,2026-03-26 00:00:00,True
U0188,F018,first_real_usage,2026-03-30 23:21:18,True
U0188,F018,first_export,2026-04-30 19:12:58,True
U0189,F024,signup,2026-01-08 00:00:00,True
U0189,F024,first_login,2026-01-18 00:00:00,True
U0189,F024,first_real_usage,2026-01-19 16:29:54,True
U0189,F024,first_ai_use,2026-02-14 02:26:09,True
U0189,F024,first_export,2026-01-19 16:29:54,True
U0190,F015,signup,2025-09-10 00:00:00,True
U0190,F015,first_login,2025-09-11 00:00:00,True
U0190,F015,first_real_usage,2025-11-23 05:10:30,True
U0190,F015,first_export,2026-05-17 01:01:07,True
U0191,F004,signup,2026-02-09 00:00:00,True
U0191,F004,first_login,2026-02-12 00:00:00,True
U0191,F004,first_real_usage,2026-02-12 04:27:13,True
U0191,F004,first_export,2026-02-12 04:27:13,True
U0192,F024,signup,2026-01-01 00:00:00,True
U0192,F024,first_login,2026-01-03 00:00:00,True
U0192,F024,first_real_usage,2026-01-09 20:49:32,True
U0192,F024,first_export,2026-01-09 20:49:32,True
U0193,F024,signup,2025-12-05 00:00:00,True
U0193,F024,first_login,2025-12-05 00:00:00,True
U0193,F024,first_real_usage,2025-12-09 09:47:59,True
U0193,F024,first_ai_use,2026-01-31 23:02:57,True
U0193,F024,first_export,2025-12-09 09:47:59,True
U0194,F025,signup,2026-02-27 00:00:00,True
U0194,F025,first_login,2026-03-02 00:00:00,True
U0194,F025,first_real_usage,2026-03-02 00:20:55,True
U0194,F025,first_ai_use,2026-04-01 10:45:47,True
U0194,F025,first_export,2026-03-29 21:18:17,True
U0195,F004,signup,2026-04-07 00:00:00,True
U0195,F004,first_login,2026-04-16 00:00:00,True
U0195,F004,first_real_usage,2026-04-24 21:24:51,True
U0195,F004,first_ai_use,2026-05-03 17:55:47,True
U0195,F004,first_export,2026-04-24 21:24:51,True
U0196,F012,signup,2025-05-22 00:00:00,True
U0196,F012,first_login,2025-05-22 00:00:00,True
U0196,F012,first_real_usage,2025-05-24 14:16:01,True
U0196,F012,first_export,2025-05-24 14:16:01,True
U0197,F018,signup,2025-08-31 00:00:00,True
U0197,F018,first_login,2025-09-11 00:00:00,True
U0197,F018,first_real_usage,2025-09-14 21:34:24,True
U0197,F018,first_ai_use,2025-09-17 01:54:39,True
U0198,F002,signup,2025-11-02 00:00:00,True
U0198,F002,first_login,2025-11-02 00:00:00,True
U0198,F002,first_real_usage,2025-11-04 13:44:25,True
U0198,F002,first_ai_use,2025-11-08 11:16:59,True
U0198,F002,first_export,2025-11-23 18:55:14,True
U0199,F025,signup,2026-02-10 00:00:00,True
U0200,F019,signup,2025-08-21 00:00:00,True
U0200,F019,first_login,2025-08-25 00:00:00,True
U0200,F019,first_real_usage,2025-08-30 16:30:29,True
U0200,F019,first_export,2025-08-30 16:30:29,True
U0201,F011,signup,2025-07-14 00:00:00,True
U0201,F011,first_login,2025-07-17 00:00:00,True
U0201,F011,first_real_usage,2025-07-30 00:26:50,True
U0202,F016,signup,2025-05-10 00:00:00,True
U0202,F016,first_login,2025-05-16 00:00:00,True
U0202,F016,first_real_usage,2025-05-18 02:12:08,True
U0202,F016,first_ai_use,2025-05-23 17:20:56,True
U0203,F003,signup,2025-12-24 00:00:00,True
U0203,F003,first_login,2025-12-26 00:00:00,True
U0203,F003,first_real_usage,2026-01-13 17:05:41,True
U0203,F003,first_ai_use,2025-12-29 20:59:57,True
U0203,F003,first_export,2026-03-05 05:18:07,True
U0204,F005,signup,2025-09-07 00:00:00,True
U0205,F003,signup,2025-07-09 00:00:00,True
U0205,F003,first_login,2025-07-15 00:00:00,True
U0205,F003,first_real_usage,2025-07-16 23:15:24,True
U0205,F003,first_ai_use,2025-08-21 21:48:04,True
U0205,F003,first_export,2025-08-11 15:22:00,True
U0206,F014,signup,2026-02-22 00:00:00,True
U0206,F014,first_login,2026-02-25 00:00:00,True
U0206,F014,first_real_usage,2026-03-03 22:55:04,True
U0207,F008,signup,2026-06-27 00:00:00,True
U0207,F008,first_login,2026-06-30 00:00:00,True
U0208,F015,signup,2025-09-24 00:00:00,True
U0209,F010,signup,2026-02-25 00:00:00,True
U0209,F010,first_login,2026-02-26 00:00:00,True
U0209,F010,first_real_usage,2026-04-06 00:21:08,True
U0210,F024,signup,2025-05-22 00:00:00,True
U0210,F024,first_login,2025-05-25 00:00:00,True
U0210,F024,first_real_usage,2025-06-30 01:10:21,True
U0210,F024,first_ai_use,2025-06-02 18:12:15,True
U0211,F009,signup,2026-01-29 00:00:00,True
U0211,F009,first_login,2026-02-01 00:00:00,True
U0211,F009,first_real_usage,2026-02-05 14:02:59,True
U0211,F009,first_ai_use,2026-02-08 18:26:01,True
U0211,F009,first_export,2026-02-05 14:02:59,True
U0212,F006,signup,2025-04-09 00:00:00,True
U0212,F006,first_login,2025-04-10 00:00:00,True
U0212,F006,first_real_usage,2025-04-13 05:11:42,True
U0212,F006,first_export,2025-06-30 21:58:49,True
U0213,F015,signup,2026-04-12 00:00:00,True
U0213,F015,first_login,2026-04-13 00:00:00,True
U0213,F015,first_real_usage,2026-04-18 08:43:37,True
U0213,F015,first_ai_use,2026-05-08 05:59:12,True
U0213,F015,first_export,2026-06-01 23:59:46,True
U0214,F002,signup,2025-09-01 00:00:00,True
U0214,F002,first_login,2025-09-03 00:00:00,True
U0214,F002,first_real_usage,2025-09-08 09:56:55,True
U0214,F002,first_ai_use,2025-12-03 17:16:50,True
U0214,F002,first_export,2025-09-08 09:56:55,True
U0215,F023,signup,2026-06-22 00:00:00,True
U0215,F023,first_login,2026-06-24 00:00:00,True
U0215,F023,first_real_usage,2026-06-24 05:00:29,True
U0215,F023,first_export,2026-06-24 21:50:25,True
U0216,F008,signup,2025-10-05 00:00:00,True
U0216,F008,first_login,2025-10-10 00:00:00,True
U0216,F008,first_real_usage,2025-10-12 00:28:02,True
U0216,F008,first_ai_use,2025-10-25 18:34:32,True
U0216,F008,first_export,2025-12-28 06:54:14,True
U0217,F007,signup,2025-11-22 00:00:00,True
U0217,F007,first_login,2025-11-27 00:00:00,True
U0217,F007,first_real_usage,2025-12-24 23:09:45,True
U0217,F007,first_ai_use,2025-12-07 13:27:13,True
U0217,F007,first_export,2026-06-23 05:11:45,True
U0218,F021,signup,2025-09-29 00:00:00,True
U0218,F021,first_login,2025-10-02 00:00:00,True
U0218,F021,first_real_usage,2025-10-03 16:38:09,True
U0218,F021,first_ai_use,2025-11-19 22:19:14,True
U0218,F021,first_export,2025-12-26 02:54:20,True
U0219,F003,signup,2025-04-03 00:00:00,True
U0219,F003,first_login,2025-04-04 00:00:00,True
U0219,F003,first_real_usage,2025-04-20 04:39:19,True
U0219,F003,first_export,2025-12-14 03:10:15,True
U0220,F020,signup,2026-02-27 00:00:00,True
U0221,F015,signup,2025-06-27 00:00:00,True
U0221,F015,first_login,2025-06-29 00:00:00,True
U0221,F015,first_real_usage,2025-06-29 11:18:57,True
U0221,F015,first_export,2025-07-03 19:35:55,True
U0222,F023,signup,2025-10-31 00:00:00,True
U0222,F023,first_login,2025-11-05 00:00:00,True
U0222,F023,first_real_usage,2025-12-08 11:46:31,True
U0222,F023,first_ai_use,2025-11-07 04:03:25,True
U0222,F023,first_export,2025-12-08 11:46:31,True
U0223,F016,signup,2025-10-23 00:00:00,True
U0223,F016,first_login,2025-10-25 00:00:00,True
U0223,F016,first_real_usage,2025-10-27 13:11:17,True
U0223,F016,first_ai_use,2025-12-23 08:01:33,True
U0223,F016,first_export,2025-12-14 23:42:39,True
U0224,F014,signup,2026-04-29 00:00:00,True
U0224,F014,first_login,2026-04-29 00:00:00,True
U0224,F014,first_real_usage,2026-05-04 16:52:54,True
U0224,F014,first_export,2026-05-23 10:01:13,True
U0225,F001,signup,2025-07-29 00:00:00,True
U0226,F019,signup,2026-01-23 00:00:00,True
U0227,F022,signup,2025-10-29 00:00:00,True
U0227,F022,first_login,2025-11-02 00:00:00,True
U0227,F022,first_real_usage,2025-11-03 04:14:46,True
U0227,F022,first_ai_use,2025-11-07 18:10:09,True
U0228,F025,signup,2025-09-01 00:00:00,True
U0228,F025,first_login,2025-09-02 00:00:00,True
U0228,F025,first_real_usage,2025-09-12 14:20:15,True
U0228,F025,first_ai_use,2025-10-12 03:21:48,True
U0228,F025,first_export,2025-10-22 11:50:28,True
U0229,F015,signup,2025-09-14 00:00:00,True
U0230,F014,signup,2026-03-09 00:00:00,True
U0231,F016,signup,2025-09-07 00:00:00,True
U0231,F016,first_login,2025-09-11 00:00:00,True
U0231,F016,first_real_usage,2025-09-11 09:02:30,True
U0231,F016,first_export,2025-09-29 06:50:51,True
U0232,F022,signup,2025-05-14 00:00:00,True
U0232,F022,first_login,2025-05-18 00:00:00,True
U0232,F022,first_real_usage,2025-06-03 13:54:00,True
U0232,F022,first_export,2025-06-03 13:54:00,True
U0233,F023,signup,2025-12-17 00:00:00,True
U0233,F023,first_login,2025-12-26 00:00:00,True
U0233,F023,first_real_usage,2026-01-13 22:55:18,True
U0233,F023,first_export,2026-01-13 22:55:18,True
U0234,F013,signup,2026-04-06 00:00:00,True
U0234,F013,first_login,2026-04-07 00:00:00,True
U0234,F013,first_real_usage,2026-04-07 15:28:22,True
U0234,F013,first_ai_use,2026-04-26 02:27:11,True
U0234,F013,first_export,2026-04-08 18:41:54,True
U0235,F011,signup,2025-09-22 00:00:00,True
U0235,F011,first_login,2025-09-23 00:00:00,True
U0235,F011,first_real_usage,2025-09-30 12:18:16,True
U0235,F011,first_export,2025-09-30 12:18:16,True
U0236,F025,signup,2025-12-27 00:00:00,True
U0236,F025,first_login,2025-12-30 00:00:00,True
U0236,F025,first_real_usage,2026-01-26 00:04:52,True
U0237,F001,signup,2026-05-15 00:00:00,True
U0237,F001,first_login,2026-05-16 00:00:00,True
U0237,F001,first_real_usage,2026-05-16 03:41:22,True
U0237,F001,first_ai_use,2026-05-18 11:51:01,True
U0237,F001,first_export,2026-06-10 12:54:29,True
U0238,F002,signup,2025-07-18 00:00:00,True
U0238,F002,first_login,2025-07-20 00:00:00,True
U0238,F002,first_real_usage,2025-08-05 05:50:12,True
U0238,F002,first_export,2025-08-05 05:50:12,True
U0239,F025,signup,2026-02-14 00:00:00,True
U0239,F025,first_login,2026-02-16 00:00:00,True
U0239,F025,first_real_usage,2026-02-19 12:27:25,True
U0239,F025,first_ai_use,2026-02-26 02:26:31,True
U0239,F025,first_export,2026-02-28 17:15:14,True
U0240,F002,signup,2025-08-03 00:00:00,True
U0240,F002,first_login,2025-08-04 00:00:00,True
U0240,F002,first_real_usage,2025-08-04 01:53:52,True
U0240,F002,first_ai_use,2025-09-08 23:37:55,True
U0240,F002,first_export,2025-08-25 21:21:21,True
U0241,F010,signup,2025-12-20 00:00:00,True
U0241,F010,first_login,2025-12-23 00:00:00,True
U0241,F010,first_real_usage,2025-12-23 05:49:31,True
U0241,F010,first_ai_use,2026-01-03 11:01:43,True
U0241,F010,first_export,2025-12-30 06:55:28,True
U0242,F021,signup,2026-05-22 00:00:00,True
U0242,F021,first_login,2026-05-22 00:00:00,True
U0242,F021,first_real_usage,2026-05-22 03:52:18,True
U0242,F021,first_ai_use,2026-06-07 05:56:56,True
U0242,F021,first_export,2026-05-22 21:57:54,True
U0243,F010,signup,2026-02-16 00:00:00,True
U0243,F010,first_login,2026-02-24 00:00:00,True
U0243,F010,first_real_usage,2026-03-09 19:49:47,True
U0243,F010,first_ai_use,2026-03-23 05:23:14,True
U0244,F003,signup,2025-06-27 00:00:00,True
U0244,F003,first_login,2025-06-29 00:00:00,True
U0244,F003,first_real_usage,2025-06-30 05:24:42,True
U0244,F003,first_ai_use,2025-07-01 05:27:46,True
U0244,F003,first_export,2025-07-29 12:43:09,True
U0245,F004,signup,2026-01-02 00:00:00,True
U0245,F004,first_login,2026-01-02 00:00:00,True
U0245,F004,first_real_usage,2026-01-04 11:15:16,True
U0245,F004,first_ai_use,2026-01-02 06:59:58,True
U0245,F004,first_export,2026-01-09 05:20:52,True
U0246,F023,signup,2025-09-04 00:00:00,True
U0246,F023,first_login,2025-09-07 00:00:00,True
U0246,F023,first_real_usage,2025-09-19 21:22:42,True
U0246,F023,first_ai_use,2025-09-15 09:10:53,True
U0246,F023,first_export,2025-09-26 10:33:46,True
U0247,F014,signup,2026-06-19 00:00:00,True
U0248,F008,signup,2026-04-20 00:00:00,True
U0248,F008,first_login,2026-04-25 00:00:00,True
U0248,F008,first_real_usage,2026-04-26 05:11:33,True
U0248,F008,first_export,2026-04-29 21:53:04,True
U0249,F007,signup,2026-02-19 00:00:00,True
U0249,F007,first_login,2026-03-04 00:00:00,True
U0249,F007,first_real_usage,2026-03-04 05:28:47,True
U0249,F007,first_export,2026-03-07 12:40:24,True
U0250,F005,signup,2025-07-28 00:00:00,True
U0250,F005,first_login,2025-08-01 00:00:00,True
U0250,F005,first_real_usage,2025-08-04 13:38:25,True
U0250,F005,first_export,2025-09-20 03:11:24,True
